,Pclass,Age,SibSp,Parch,Fare,CabinCnt,Family,Sex_female,Sex_male,Embarked_C,Embarked_Q,Embarked_S,CabinClass_A,CabinClass_B,CabinClass_C,CabinClass_D,CabinClass_E,CabinClass_F,CabinClass_G,CabinClass_T,CabinClass_n,IsNumericTicket_0,IsNumericTicket_1,TicketType_0,TicketType_Others,TicketType_a4,TicketType_a5,TicketType_ca,TicketType_pc,TicketType_scparis,TicketType_sotonoq,TicketType_stono2,TicketType_wc,Title_Dr,Title_Master,Title_Miss,Title_Mr,Title_Mrs,Title_Others,Title_Rev
891,0.8404474648030756,0.46565920440205016,-0.616256129706197,-0.5192952033840481,-0.8261724222502408,-0.5156919332653549,-0.7188467973582886,0,1,0,1,0,0,0,0,0,0,0,0,0,1,0,1,1,0,0,0,0,0,0,0,0,0,0,0,0,1,0,0,0
892,0.8404474648030756,0.9670218499245334,0.9306275236947814,-0.5192952033840481,-0.9281497549250352,-0.5156919332653549,0.46193512989734054,1,0,0,0,1,0,0,0,0,0,0,0,0,1,0,1,1,0,0,0,0,0,0,0,0,0,0,0,0,0,1,0,0
893,-0.35483527349683747,1.4189665868479904,-0.616256129706197,-0.5192952033840481,-0.6286651521225323,-0.5156919332653549,-0.7188467973582886,0,1,0,1,0,0,0,0,0,0,0,0,0,1,0,1,1,0,0,0,0,0,0,0,0,0,0,0,0,1,0,0,0
894,0.8404474648030756,0.07122769915858289,-0.616256129706197,-0.5192952033840481,-0.7329168499940787,-0.5156919332653549,-0.7188467973582886,0,1,0,0,1,0,0,0,0,0,0,0,0,1,0,1,1,0,0,0,0,0,0,0,0,0,0,0,0,1,0,0,0
895,0.8404474648030756,-0.25569822845231965,0.9306275236947814,1.14913574381843,-0.4035099392590346,-0.5156919332653549,1.1526482788711399,1,0,0,0,1,0,0,0,0,0,0,0,0,1,0,1,1,0,0,0,0,0,0,0,0,0,0,0,0,0,1,0,0
896,0.8404474648030756,-0.9660958799053205,-0.616256129706197,-0.5192952033840481,-0.6744089920561981,-0.5156919332653549,-0.7188467973582886,0,1,0,0,1,0,0,0,0,0,0,0,0,1,0,1,1,0,0,0,0,0,0,0,0,0,0,0,0,1,0,0,0
897,0.8404474648030756,0.24038713171167791,-0.616256129706197,-0.5192952033840481,-0.8498643592348607,-0.5156919332653549,-0.7188467973582886,1,0,0,1,0,0,0,0,0,0,0,0,0,1,0,1,1,0,0,0,0,0,0,0,0,0,0,0,1,0,0,0,0
898,-0.35483527349683747,0.010785891315448454,0.9306275236947814,1.14913574381843,0.43856302594596125,-0.5156919332653549,1.1526482788711399,0,1,0,0,1,0,0,0,0,0,0,0,0,1,0,1,1,0,0,0,0,0,0,0,0,0,0,0,0,1,0,0,0
899,0.8404474648030756,-0.5732256397297408,-0.616256129706197,-0.5192952033840481,-0.8989417165609715,-0.5156919332653549,-0.7188467973582886,1,0,1,0,0,0,0,0,0,0,0,0,0,1,0,1,1,0,0,0,0,0,0,0,0,0,0,0,0,0,1,0,0
900,0.8404474648030756,-0.3295755706021491,1.8354964539128964,-0.5192952033840481,0.2562256979837646,-0.5156919332653549,1.1526482788711399,0,1,0,0,1,0,0,0,0,0,0,0,0,1,1,0,0,0,1,0,0,0,0,0,0,0,0,0,0,1,0,0,0
901,0.8404474648030756,0.12954829861862116,-0.616256129706197,-0.5192952033840481,-0.8184019745342453,-0.5156919332653549,-0.7188467973582886,0,1,0,0,1,0,0,0,0,0,0,0,0,1,0,1,1,0,0,0,0,0,0,0,0,0,0,0,0,1,0,0,0
902,-1.5501180117967506,0.93203178823125,-0.616256129706197,-0.5192952033840481,0.3296188783259015,-0.5156919332653549,-0.7188467973582886,0,1,0,0,1,0,0,0,0,0,0,0,0,1,0,1,1,0,0,0,0,0,0,0,0,0,0,0,0,1,0,0,0
903,-1.5501180117967506,-0.18496557322471274,0.9306275236947814,-0.5192952033840481,1.4941366157928897,1.5593407800007992,0.46193512989734054,1,0,0,0,1,0,1,0,0,0,0,0,0,0,0,1,1,0,0,0,0,0,0,0,0,0,0,0,0,0,1,0,0
904,-0.35483527349683747,1.445139829229075,0.9306275236947814,-0.5192952033840481,0.3296188783259015,-0.5156919332653549,0.46193512989734054,0,1,0,0,1,0,0,0,0,0,0,0,0,1,0,1,1,0,0,0,0,0,0,0,0,0,0,0,0,1,0,0,0
905,-1.5501180117967506,0.9670218499245334,0.9306275236947814,-0.5192952033840481,1.1921058312765325,1.5593407800007992,0.46193512989734054,1,0,0,0,1,0,0,0,0,1,0,0,0,0,1,0,0,1,0,0,0,0,0,0,0,0,0,0,0,0,1,0,0
906,-0.35483527349683747,-0.11712078413213992,0.9306275236947814,-0.5192952033840481,0.393505098169823,-0.5156919332653549,0.46193512989734054,1,0,1,0,0,0,0,0,0,0,0,0,0,1,1,0,0,0,0,0,0,0,1,0,0,0,0,0,0,0,1,0,0
907,-0.35483527349683747,0.4889038706199906,-0.616256129706197,-0.5192952033840481,-0.3986576870651932,-0.5156919332653549,-0.7188467973582886,0,1,0,1,0,0,0,0,0,0,0,0,0,1,0,1,1,0,0,0,0,0,0,0,0,0,0,0,0,1,0,0,0
908,0.8404474648030756,-0.3295755706021491,-0.616256129706197,-0.5192952033840481,-0.8994695884579214,-0.5156919332653549,-0.7188467973582886,0,1,1,0,0,0,0,0,0,0,0,0,0,1,0,1,1,0,0,0,0,0,0,0,0,0,0,0,0,1,0,0,0
909,0.8404474648030756,0.07122769915858289,0.9306275236947814,-0.5192952033840481,-0.81501343889775,-0.5156919332653549,0.46193512989734054,1,0,0,0,1,0,0,0,0,0,0,0,0,1,1,0,0,0,0,0,0,0,0,0,1,0,0,0,1,0,0,0,0
910,0.8404474648030756,0.8962891946969266,-0.616256129706197,-0.5192952033840481,-0.8994695884579214,-0.5156919332653549,-0.7188467973582886,1,0,1,0,0,0,0,0,0,0,0,0,0,1,0,1,1,0,0,0,0,0,0,0,0,0,0,0,0,0,1,0,0
911,-1.5501180117967506,1.2232151223078298,0.9306275236947814,-0.5192952033840481,1.1621567966119675,-0.5156919332653549,0.46193512989734054,0,1,1,0,0,0,0,0,0,0,0,0,0,1,1,0,0,0,0,0,0,1,0,0,0,0,0,0,0,1,0,0,0
912,0.8404474648030756,-1.6399653237500238,-0.616256129706197,1.14913574381843,-1.6016372743747753,-0.5156919332653549,0.46193512989734054,0,1,0,0,1,0,0,0,0,0,0,0,0,1,1,0,0,1,0,0,0,0,0,0,0,0,0,1,0,0,0,0,0
913,-1.5501180117967506,0.12954829861862116,-0.616256129706197,-0.5192952033840481,0.5271436792179253,-0.5156919332653549,-0.7188467973582886,1,0,0,0,1,0,0,0,0,0,0,0,0,1,1,0,0,0,0,0,0,1,0,0,0,0,0,0,0,0,1,0,0
914,-1.5501180117967506,-0.3295755706021491,-0.616256129706197,1.14913574381843,1.195496253325156,-0.5156919332653549,0.46193512989734054,0,1,1,0,0,0,0,0,0,0,0,0,0,1,1,0,0,0,0,0,0,1,0,0,0,0,0,0,0,1,0,0,0
915,-1.5501180117967506,1.0012904153865825,0.9306275236947814,2.817566691020908,2.68483382584043,4.3023848214776805,2.0228439334718025,1,0,1,0,0,0,1,0,0,0,0,0,0,0,1,0,0,0,0,0,0,1,0,0,0,0,0,0,0,0,1,0,0
916,0.8404474648030756,1.0677779430378231,0.9306275236947814,-0.5192952033840481,-0.2442550963279445,-0.5156919332653549,0.46193512989734054,0,1,0,0,1,0,0,0,0,0,0,0,0,1,1,0,0,0,0,1,0,0,0,0,0,0,0,0,0,1,0,0,0
917,-1.5501180117967506,-0.25569822845231965,-0.616256129706197,1.14913574381843,1.2053944741799605,1.5593407800007992,0.46193512989734054,1,0,1,0,0,0,1,0,0,0,0,0,0,0,0,1,1,0,0,0,0,0,0,0,0,0,0,0,1,0,0,0,0
918,0.8404474648030756,-0.2199556349179954,-0.616256129706197,-0.5192952033840481,-0.8994695884579214,-0.5156919332653549,-0.7188467973582886,0,1,1,0,0,0,0,0,0,0,0,0,0,1,0,1,1,0,0,0,0,0,0,0,0,0,0,0,0,1,0,0,0
919,-1.5501180117967506,0.745097143003287,-0.616256129706197,-0.5192952033840481,0.48901269216574395,1.5593407800007992,-0.7188467973582886,0,1,0,0,1,1,0,0,0,0,0,0,0,0,0,1,1,0,0,0,0,0,0,0,0,0,0,0,0,1,0,0,0
920,0.8404474648030756,0.12954829861862116,1.8354964539128964,-0.5192952033840481,0.1492987278084932,-0.5156919332653549,1.1526482788711399,0,1,1,0,0,0,0,0,0,0,0,0,0,1,0,1,1,0,0,0,0,0,0,0,0,0,0,0,0,1,0,0,0
921,-0.35483527349683747,1.0677779430378231,0.9306275236947814,-0.5192952033840481,0.3296188783259015,-0.5156919332653549,0.46193512989734054,0,1,0,0,1,0,0,0,0,0,0,0,0,1,1,0,0,1,0,0,0,0,0,0,0,0,0,0,0,1,0,0,0
922,-0.35483527349683747,-0.11712078413213992,1.8354964539128964,-0.5192952033840481,0.5213282298389939,-0.5156919332653549,1.1526482788711399,0,1,0,0,1,0,0,0,0,0,0,0,0,1,1,0,0,0,0,0,1,0,0,0,0,0,0,0,0,1,0,0,0
923,0.8404474648030756,0.39390849919311977,0.9306275236947814,2.1251052829745594,0.0976880678849972,-0.5156919332653549,1.6427170571529697,1,0,0,0,1,0,0,0,0,0,0,0,0,1,1,0,0,0,0,0,1,0,0,0,0,0,0,0,0,0,1,0,0
924,0.8404474648030756,0.12954829861862116,0.9306275236947814,2.1251052829745594,0.22703790798703852,-0.5156919332653549,1.6427170571529697,1,0,0,0,1,0,0,0,0,0,0,0,0,1,1,0,0,0,0,0,0,0,0,0,0,1,0,0,0,0,1,0,0
925,-1.5501180117967506,0.24038713171167791,0.9306275236947814,-0.5192952033840481,1.1335167530100125,1.5593407800007992,0.46193512989734054,0,1,1,0,0,0,0,1,0,0,0,0,0,0,0,1,1,0,0,0,0,0,0,0,0,0,0,0,0,1,0,0,0
926,0.8404474648030756,-0.5300552504012184,-0.616256129706197,-0.5192952033840481,-0.8989417165609715,-0.5156919332653549,-0.7188467973582886,0,1,1,0,0,0,0,0,0,0,0,0,0,1,0,1,1,0,0,0,0,0,0,0,0,0,0,0,0,1,0,0,0
927,0.8404474648030756,0.12954829861862116,-0.616256129706197,-0.5192952033840481,-0.8006319407943235,-0.5156919332653549,-0.7188467973582886,1,0,0,0,1,0,0,0,0,0,0,0,0,1,0,1,1,0,0,0,0,0,0,0,0,0,0,0,1,0,0,0,0
928,0.8404474648030756,-0.3295755706021491,-0.616256129706197,-0.5192952033840481,-0.7329168499940787,-0.5156919332653549,-0.7188467973582886,1,0,0,0,1,0,0,0,0,0,0,0,0,1,0,1,1,0,0,0,0,0,0,0,0,0,0,0,1,0,0,0,0
929,0.8404474648030756,-0.05193727109667554,-0.616256129706197,-0.5192952033840481,-0.6469667457346222,-0.5156919332653549,-0.7188467973582886,0,1,0,0,1,0,0,0,0,0,0,0,0,1,0,1,1,0,0,0,0,0,0,0,0,0,0,0,0,1,0,0,0
930,0.8404474648030756,0.12954829861862116,-0.616256129706197,-0.5192952033840481,1.1112035255947734,-0.5156919332653549,-0.7188467973582886,0,1,0,0,1,0,0,0,0,0,0,0,0,1,0,1,1,0,0,0,0,0,0,0,0,0,0,0,0,1,0,0,0
931,0.8404474648030756,0.6640095225484678,-0.616256129706197,1.14913574381843,-0.3191722026356909,-0.5156919332653549,0.46193512989734054,0,1,1,0,0,0,0,0,0,0,0,0,0,1,0,1,1,0,0,0,0,0,0,0,0,0,0,0,0,1,0,0,0
932,-1.5501180117967506,0.12954829861862116,-0.616256129706197,-0.5192952033840481,0.3504704437482434,1.5593407800007992,-0.7188467973582886,0,1,0,0,1,0,0,0,1,0,0,0,0,0,0,1,1,0,0,0,0,0,0,0,0,0,0,0,0,1,0,0,0
933,0.8404474648030756,0.745097143003287,-0.616256129706197,-0.5192952033840481,-0.8237393391627713,-0.5156919332653549,-0.7188467973582886,0,1,0,0,1,0,0,0,0,0,0,0,0,1,1,0,0,0,0,0,0,0,0,1,0,0,0,0,0,1,0,0,0
934,-0.35483527349683747,0.24038713171167791,-0.616256129706197,-0.5192952033840481,-0.349499730001547,-0.5156919332653549,-0.7188467973582886,1,0,0,0,1,0,0,0,0,0,0,0,0,1,0,1,1,0,0,0,0,0,0,0,0,0,0,0,0,0,1,0,0
935,-1.5501180117967506,0.8962891946969266,0.9306275236947814,-0.5192952033840481,1.0377703217015024,1.5593407800007992,0.46193512989734054,1,0,0,0,1,0,0,0,1,0,0,0,0,0,0,1,1,0,0,0,0,0,0,0,0,0,0,0,0,0,1,0,0
936,0.8404474648030756,-0.05193727109667554,-0.616256129706197,-0.5192952033840481,-0.81501343889775,-0.5156919332653549,-0.7188467973582886,0,1,0,0,1,0,0,0,0,0,0,0,0,1,1,0,0,0,0,0,0,0,0,0,1,0,0,0,0,1,0,0,0
937,-1.5501180117967506,0.8962891946969266,-0.616256129706197,-0.5192952033840481,0.4624128190435213,1.5593407800007992,-0.7188467973582886,0,1,1,0,0,1,0,0,0,0,0,0,0,0,1,0,0,0,0,0,0,1,0,0,0,0,0,0,0,1,0,0,0
938,0.8404474648030756,0.12954829861862116,-0.616256129706197,-0.5192952033840481,-0.8354896138476378,-0.5156919332653549,-0.7188467973582886,0,1,0,1,0,0,0,0,0,0,0,0,0,1,0,1,1,0,0,0,0,0,0,0,0,0,0,0,0,1,0,0,0
939,-1.5501180117967506,1.3653501132076888,-0.616256129706197,-0.5192952033840481,1.4171417985147583,1.5593407800007992,-0.7188467973582886,1,0,1,0,0,0,0,0,1,0,0,0,0,0,0,1,1,0,0,0,0,0,0,0,0,0,0,0,0,0,1,0,0
940,0.8404474648030756,0.53444004902066,-0.616256129706197,2.1251052829745594,-0.15484026794230898,-0.5156919332653549,1.1526482788711399,1,0,0,0,1,0,0,0,0,0,0,0,0,1,1,0,0,0,0,0,1,0,0,0,0,0,0,0,0,0,1,0,0
941,-1.5501180117967506,-0.11712078413213992,0.9306275236947814,-0.5192952033840481,1.1723777666052824,1.5593407800007992,0.46193512989734054,0,1,0,0,1,0,0,1,0,0,0,0,0,0,0,1,1,0,0,0,0,0,0,0,0,0,0,0,0,1,0,0,0
942,-0.35483527349683747,0.07122769915858289,-0.616256129706197,-0.5192952033840481,-0.2092767248222129,-0.5156919332653549,-0.7188467973582886,0,1,1,0,0,0,0,0,0,0,0,0,0,1,1,0,0,0,0,0,0,0,1,0,0,0,0,0,0,1,0,0,0
943,-0.35483527349683747,-0.40689028014595924,1.8354964539128964,1.14913574381843,0.2078296829753315,-0.5156919332653549,1.6427170571529697,1,0,0,0,1,0,0,0,0,0,0,0,0,1,0,1,1,0,0,0,0,0,0,0,0,0,0,0,1,0,0,0,0
944,-1.5501180117967506,0.12954829861862116,2.4775111770957596,2.1251052829745594,2.6872846756368465,3.6343734932669536,2.333430206126769,1,0,0,0,1,0,0,1,0,0,0,0,0,0,0,1,1,0,0,0,0,0,0,0,0,0,0,0,1,0,0,0,0
945,-0.35483527349683747,0.12954829861862116,-0.616256129706197,-0.5192952033840481,-0.17465684286306937,-0.5156919332653549,-0.7188467973582886,0,1,1,0,0,0,0,0,0,0,0,0,0,1,1,0,0,1,0,0,0,0,0,0,0,0,0,0,0,1,0,0,0
946,0.8404474648030756,-1.4815629937513952,2.9754964846475396,1.14913574381843,0.4428624626809984,-0.5156919332653549,2.333430206126769,0,1,0,1,0,0,0,0,0,0,0,0,0,1,0,1,1,0,0,0,0,0,0,0,0,0,0,1,0,0,0,0,0
947,0.8404474648030756,0.4889038706199906,-0.616256129706197,-0.5192952033840481,-0.8184019745342453,-0.5156919332653549,-0.7188467973582886,0,1,0,0,1,0,0,0,0,0,0,0,0,1,0,1,1,0,0,0,0,0,0,0,0,0,0,0,0,1,0,0,0
948,0.8404474648030756,-0.05193727109667554,-0.616256129706197,-0.5192952033840481,-0.8473749521182392,2.773157105031175,-0.7188467973582886,0,1,0,0,1,0,0,0,0,0,1,0,0,0,0,1,1,0,0,0,0,0,0,0,0,0,0,0,0,1,0,0,0
949,0.8404474648030756,0.12954829861862116,0.9306275236947814,-0.5192952033840481,-0.14267526827644114,-0.5156919332653549,0.46193512989734054,0,1,0,0,1,0,0,0,0,0,0,0,0,1,0,1,1,0,0,0,0,0,0,0,0,0,0,0,0,1,0,0,0
950,-1.5501180117967506,0.53444004902066,-0.616256129706197,-0.5192952033840481,2.68483382584043,1.5593407800007992,-0.7188467973582886,1,0,1,0,0,0,1,0,0,0,0,0,0,0,1,0,0,0,0,0,0,1,0,0,0,0,0,0,1,0,0,0,0
951,0.8404474648030756,-0.6630835525292557,-0.616256129706197,-0.5192952033840481,-0.8184019745342453,-0.5156919332653549,-0.7188467973582886,0,1,0,0,1,0,0,0,0,0,0,0,0,1,0,1,1,0,0,0,0,0,0,0,0,0,0,0,0,1,0,0,0
952,-0.35483527349683747,0.3442938732425542,-0.616256129706197,-0.5192952033840481,-0.3132148475497802,-0.5156919332653549,-0.7188467973582886,0,1,0,0,1,0,0,0,0,0,0,0,0,1,0,1,1,0,0,0,0,0,0,0,0,0,0,0,0,1,0,0,0
953,0.8404474648030756,-0.5732256397297408,-0.616256129706197,-0.5192952033840481,-0.8354896138476378,-0.5156919332653549,-0.7188467973582886,0,1,0,0,1,0,0,0,0,0,0,0,0,1,0,1,1,0,0,0,0,0,0,0,0,0,0,0,0,1,0,0,0
954,0.8404474648030756,-0.25569822845231965,-0.616256129706197,-0.5192952033840481,-0.838448165351053,-0.5156919332653549,-0.7188467973582886,1,0,0,1,0,0,0,0,0,0,0,0,0,1,0,1,1,0,0,0,0,0,0,0,0,0,0,0,1,0,0,0,0
955,-1.5501180117967506,-1.0807597239906632,1.8354964539128964,2.1251052829745594,2.68483382584043,4.3023848214776805,2.0228439334718025,0,1,1,0,0,0,1,0,0,0,0,0,0,0,1,0,0,0,0,0,0,1,0,0,0,0,0,1,0,0,0,0,0
956,-0.35483527349683747,0.12954829861862116,-0.616256129706197,-0.5192952033840481,0.1178587841030389,-0.5156919332653549,-0.7188467973582886,1,0,0,0,1,0,0,0,0,0,0,0,0,1,1,0,0,1,0,0,0,0,0,0,0,0,0,0,0,0,1,0,0
957,0.8404474648030756,-0.5732256397297408,-0.616256129706197,-0.5192952033840481,-0.8203332962262189,-0.5156919332653549,-0.7188467973582886,1,0,0,1,0,0,0,0,0,0,0,0,0,1,0,1,1,0,0,0,0,0,0,0,0,0,0,0,1,0,0,0,0
958,-1.5501180117967506,0.9670218499245334,-0.616256129706197,-0.5192952033840481,0.8203848124416349,-0.5156919332653549,-0.7188467973582886,0,1,0,0,1,0,0,0,0,0,0,0,0,1,0,1,1,0,0,0,0,0,0,0,0,0,0,0,0,1,0,0,0
959,-1.5501180117967506,0.2931524060798294,-0.616256129706197,-0.5192952033840481,0.4224978349887135,1.5593407800007992,-0.7188467973582886,0,1,1,0,0,0,0,1,0,0,0,0,0,0,0,1,1,0,0,0,0,0,0,0,0,0,0,0,0,1,0,0,0
960,-1.5501180117967506,1.3653501132076888,0.9306275236947814,3.3546814873049193,2.6872846756368465,3.6343734932669536,2.333430206126769,1,0,0,0,1,0,0,1,0,0,0,0,0,0,0,1,1,0,0,0,0,0,0,0,0,0,0,0,0,0,1,0,0
961,0.8404474648030756,-0.11712078413213992,-0.616256129706197,-0.5192952033840481,-0.8354896138476378,-0.5156919332653549,-0.7188467973582886,1,0,0,1,0,0,0,0,0,0,0,0,0,1,0,1,1,0,0,0,0,0,0,0,0,0,0,0,1,0,0,0,0
962,0.8404474648030756,-0.3295755706021491,-0.616256129706197,-0.5192952033840481,-0.8184019745342453,-0.5156919332653549,-0.7188467973582886,0,1,0,0,1,0,0,0,0,0,0,0,0,1,0,1,1,0,0,0,0,0,0,0,0,0,0,0,0,1,0,0,0
963,0.8404474648030756,0.1858915432439257,-0.616256129706197,-0.5192952033840481,-0.81501343889775,-0.5156919332653549,-0.7188467973582886,1,0,0,0,1,0,0,0,0,0,0,0,0,1,0,1,1,0,0,0,0,0,0,0,0,0,0,0,1,0,0,0,0
964,-1.5501180117967506,0.1579586749255239,-0.616256129706197,-0.5192952033840481,0.393505098169823,1.5593407800007992,-0.7188467973582886,0,1,1,0,0,0,0,0,1,0,0,0,0,0,1,0,0,0,0,0,0,1,0,0,0,0,0,0,0,1,0,0,0
965,-1.5501180117967506,0.4889038706199906,-0.616256129706197,-0.5192952033840481,2.4628964880906103,1.5593407800007992,-0.7188467973582886,1,0,1,0,0,0,0,1,0,0,0,0,0,0,0,1,1,0,0,0,0,0,0,0,0,0,0,0,1,0,0,0,0
966,-1.5501180117967506,0.36928632229329844,-0.616256129706197,-0.5192952033840481,2.4628964880906103,1.5593407800007992,-0.7188467973582886,0,1,1,0,0,0,0,1,0,0,0,0,0,0,0,1,1,0,0,0,0,0,0,0,0,0,0,0,0,1,0,0,0
967,0.8404474648030756,0.12954829861862116,-0.616256129706197,-0.5192952033840481,-0.8006319407943235,-0.5156919332653549,-0.7188467973582886,0,1,0,0,1,0,0,0,0,0,0,0,0,1,0,1,1,0,0,0,0,0,0,0,0,0,0,0,0,1,0,0,0
968,-1.5501180117967506,1.2232151223078298,1.8354964539128964,-0.5192952033840481,0.31806553975152774,1.5593407800007992,1.1526482788711399,1,0,0,0,1,0,0,1,0,0,0,0,0,0,0,1,1,0,0,0,0,0,0,0,0,0,0,0,0,0,1,0,0
969,-0.35483527349683747,0.24038713171167791,-0.616256129706197,-0.5192952033840481,-0.349499730001547,-0.5156919332653549,-0.7188467973582886,0,1,0,0,1,0,0,0,0,0,0,0,0,1,0,1,1,0,0,0,0,0,0,0,0,0,0,0,0,1,0,0,0
970,0.8404474648030756,-0.11712078413213992,-0.616256129706197,-0.5192952033840481,-0.8354896138476378,-0.5156919332653549,-0.7188467973582886,1,0,0,1,0,0,0,0,0,0,0,0,0,1,0,1,1,0,0,0,0,0,0,0,0,0,0,0,1,0,0,0,0
971,0.8404474648030756,-2.232747147139909,0.9306275236947814,1.14913574381843,-0.19566228412334333,-0.5156919332653549,1.1526482788711399,0,1,1,0,0,0,0,0,0,0,0,0,0,1,0,1,1,0,0,0,0,0,0,0,0,0,0,1,0,0,0,0,0
972,-1.5501180117967506,1.5458959223423658,0.9306275236947814,-0.5192952033840481,2.511742393759821,2.773157105031175,0.46193512989734054,0,1,0,0,1,0,0,1,0,0,0,0,0,0,1,0,0,0,0,0,0,1,0,0,0,0,0,0,0,1,0,0,0
973,-1.5501180117967506,1.0348666390171062,-0.616256129706197,-0.5192952033840481,0.3296188783259015,-0.5156919332653549,-0.7188467973582886,0,1,0,0,1,0,0,0,0,0,0,0,0,1,0,1,1,0,0,0,0,0,0,0,0,0,0,0,0,1,0,0,0
974,0.8404474648030756,0.12954829861862116,-0.616256129706197,-0.5192952033840481,-0.8184019745342453,-0.5156919332653549,-0.7188467973582886,0,1,0,0,1,0,0,0,0,0,0,0,0,1,0,1,1,0,0,0,0,0,0,0,0,0,0,0,0,1,0,0,0
975,-0.35483527349683747,0.12954829861862116,-0.616256129706197,-0.5192952033840481,-0.5343392170076912,-0.5156919332653549,-0.7188467973582886,0,1,0,1,0,0,0,0,0,0,0,0,0,1,0,1,1,0,0,0,0,0,0,0,0,0,0,0,0,1,0,0,0
976,0.8404474648030756,0.12954829861862116,0.9306275236947814,-0.5192952033840481,-0.2473149610326346,-0.5156919332653549,0.46193512989734054,0,1,1,0,0,0,0,0,0,0,0,0,0,1,0,1,1,0,0,0,0,0,0,0,0,0,0,0,0,1,0,0,0
977,0.8404474648030756,0.07122769915858289,-0.616256129706197,-0.5192952033840481,-0.8203332962262189,-0.5156919332653549,-0.7188467973582886,1,0,0,1,0,0,0,0,0,0,0,0,0,1,0,1,1,0,0,0,0,0,0,0,0,0,0,0,1,0,0,0,0
978,0.8404474648030756,-0.5732256397297408,-0.616256129706197,-0.5192952033840481,-0.8006319407943235,-0.5156919332653549,-0.7188467973582886,1,0,0,0,1,0,0,0,0,0,0,0,0,1,1,0,0,0,1,0,0,0,0,0,0,0,0,0,1,0,0,0,0
979,0.8404474648030756,0.12954829861862116,-0.616256129706197,-0.5192952033840481,-0.8354896138476378,-0.5156919332653549,-0.7188467973582886,1,0,0,1,0,0,0,0,0,0,0,0,0,1,0,1,1,0,0,0,0,0,0,0,0,0,0,0,0,0,0,1,0
980,-0.35483527349683747,-3.6409278426724514,0.9306275236947814,1.14913574381843,0.2078296829753315,-0.5156919332653549,1.1526482788711399,0,1,0,0,1,0,0,0,0,0,0,0,0,1,0,1,1,0,0,0,0,0,0,0,0,0,0,1,0,0,0,0,0
981,0.8404474648030756,-0.25569822845231965,0.9306275236947814,-0.5192952033840481,-0.2850767018766572,-0.5156919332653549,0.46193512989734054,1,0,0,0,1,0,0,0,0,0,0,0,0,1,0,1,1,0,0,0,0,0,0,0,0,0,0,0,0,0,1,0,0
982,0.8404474648030756,0.12954829861862116,-0.616256129706197,-0.5192952033840481,-0.832539503301492,-0.5156919332653549,-0.7188467973582886,0,1,0,0,1,0,0,0,0,0,0,0,0,1,0,1,1,0,0,0,0,0,0,0,0,0,0,0,0,1,0,0,0
983,-1.5501180117967506,0.07122769915858289,0.9306275236947814,2.1251052829745594,1.0270141957688372,1.5593407800007992,1.6427170571529697,1,0,0,0,1,0,1,0,0,0,0,0,0,0,1,0,0,1,0,0,0,0,0,0,0,0,0,0,0,0,1,0,0
984,0.8404474648030756,0.12954829861862116,-0.616256129706197,-0.5192952033840481,-0.8006319407943235,-0.5156919332653549,-0.7188467973582886,0,1,0,0,1,0,0,0,0,0,0,0,0,1,0,1,1,0,0,0,0,0,0,0,0,0,0,0,0,1,0,0,0
985,-1.5501180117967506,-0.05193727109667554,-0.616256129706197,-0.5192952033840481,0.3296188783259015,-0.5156919332653549,-0.7188467973582886,0,1,1,0,0,0,0,0,0,0,0,0,0,1,0,1,1,0,0,0,0,0,0,0,0,0,0,0,0,1,0,0,0
986,0.8404474648030756,-0.05193727109667554,-0.616256129706197,-0.5192952033840481,-0.8300914097163599,-0.5156919332653549,-0.7188467973582886,0,1,0,0,1,0,0,0,0,0,0,0,0,1,0,1,1,0,0,0,0,0,0,0,0,0,0,0,0,1,0,0,0
987,-1.5501180117967506,1.7524745687750969,0.9306275236947814,-0.5192952033840481,1.4508126741600909,1.5593407800007992,0.46193512989734054,1,0,0,0,1,0,0,1,0,0,0,0,0,0,0,1,1,0,0,0,0,0,0,0,0,0,0,0,0,0,1,0,0
988,0.8404474648030756,0.1858915432439257,-0.616256129706197,-0.5192952033840481,-0.81501343889775,-0.5156919332653549,-0.7188467973582886,0,1,0,0,1,0,0,0,0,0,0,0,0,1,1,0,0,0,0,0,0,0,0,0,1,0,0,0,0,1,0,0,0
989,0.8404474648030756,-0.40689028014595924,-0.616256129706197,-0.5192952033840481,-0.8232487375122534,-0.5156919332653549,-0.7188467973582886,1,0,0,0,1,0,0,0,0,0,0,0,0,1,0,1,1,0,0,0,0,0,0,0,0,0,0,0,1,0,0,0,0
990,0.8404474648030756,0.39390849919311977,-0.616256129706197,-0.5192952033840481,-0.8006319407943235,-0.5156919332653549,-0.7188467973582886,0,1,0,0,1,0,0,0,0,0,0,0,0,1,1,0,0,0,0,1,0,0,0,0,0,0,0,0,0,1,0,0,0
991,-1.5501180117967506,0.8224118525470964,0.9306275236947814,-0.5192952033840481,1.09207050531204,1.5593407800007992,0.46193512989734054,1,0,1,0,0,0,0,1,0,0,0,0,0,0,0,1,1,0,0,0,0,0,0,0,0,0,0,0,0,0,1,0,0
992,-0.35483527349683747,0.07122769915858289,0.9306275236947814,-0.5192952033840481,0.3296188783259015,-0.5156919332653549,0.46193512989734054,0,1,0,0,1,0,0,0,0,0,0,0,0,1,0,1,1,0,0,0,0,0,0,0,0,0,0,0,0,1,0,0,0
993,0.8404474648030756,0.12954829861862116,-0.616256129706197,-0.5192952033840481,-0.8354896138476378,-0.5156919332653549,-0.7188467973582886,0,1,0,1,0,0,0,0,0,0,0,0,0,1,0,1,1,0,0,0,0,0,0,0,0,0,0,0,0,1,0,0,0
994,0.8404474648030756,0.010785891315448454,-0.616256129706197,-0.5192952033840481,-0.832539503301492,-0.5156919332653549,-0.7188467973582886,0,1,0,0,1,0,0,0,0,0,0,0,0,1,0,1,1,0,0,0,0,0,0,0,0,0,0,0,0,1,0,0,0
995,0.8404474648030756,-0.7580789239561264,0.9306275236947814,1.14913574381843,-0.7486382571639744,-0.5156919332653549,1.1526482788711399,1,0,1,0,0,0,0,0,0,0,0,0,0,1,0,1,1,0,0,0,0,0,0,0,0,0,0,0,0,0,1,0,0
996,0.8404474648030756,0.12954829861862116,-0.616256129706197,-0.5192952033840481,0.18715961240122,-0.5156919332653549,-0.7188467973582886,0,1,0,0,1,0,0,0,0,0,0,0,0,1,1,0,0,1,0,0,0,0,0,0,0,0,0,0,0,1,0,0,0
997,0.8404474648030756,-0.3295755706021491,-0.616256129706197,-0.5192952033840481,-0.8271566387073432,-0.5156919332653549,-0.7188467973582886,0,1,0,1,0,0,0,0,0,0,0,0,0,1,0,1,1,0,0,0,0,0,0,0,0,0,0,0,0,1,0,0,0
998,0.8404474648030756,0.12954829861862116,-0.616256129706197,-0.5192952033840481,-0.8354896138476378,-0.5156919332653549,-0.7188467973582886,0,1,0,1,0,0,0,0,0,0,0,0,0,1,0,1,1,0,0,0,0,0,0,0,0,0,0,0,0,1,0,0,0
999,0.8404474648030756,0.12954829861862116,-0.616256129706197,-0.5192952033840481,-0.7275799966240488,-0.5156919332653549,-0.7188467973582886,0,1,0,0,1,0,0,0,0,0,0,0,0,1,0,1,1,0,0,0,0,0,0,0,0,0,0,0,0,1,0,0,0
1000,-0.35483527349683747,-0.5300552504012184,-0.616256129706197,-0.5192952033840481,-0.349499730001547,1.5593407800007992,-0.7188467973582886,0,1,0,0,1,0,0,0,0,0,1,0,0,0,0,1,1,0,0,0,0,0,0,0,0,0,0,0,0,1,0,0,0
1001,-0.35483527349683747,0.745097143003287,-0.616256129706197,-0.5192952033840481,-0.20847089400296287,-0.5156919332653549,-0.7188467973582886,0,1,1,0,0,0,0,0,0,0,0,0,0,1,0,1,1,0,0,0,0,0,0,0,0,0,0,0,0,1,0,0,0
1002,0.8404474648030756,0.12954829861862116,-0.616256129706197,-0.5192952033840481,-0.83204470947757,-0.5156919332653549,-0.7188467973582886,1,0,0,1,0,0,0,0,0,0,0,0,0,1,0,1,1,0,0,0,0,0,0,0,0,0,0,0,1,0,0,0,0
1003,-1.5501180117967506,0.53444004902066,-0.616256129706197,-0.5192952033840481,0.5270139579407357,1.5593407800007992,-0.7188467973582886,1,0,1,0,0,1,0,0,0,0,0,0,0,0,1,0,0,0,0,0,0,1,0,0,0,0,0,0,1,0,0,0,0
1004,0.8404474648030756,-0.5300552504012184,-0.616256129706197,-0.5192952033840481,-0.8921662063845792,-0.5156919332653549,-0.7188467973582886,1,0,0,1,0,0,0,0,0,0,0,0,0,1,0,1,1,0,0,0,0,0,0,0,0,0,0,0,1,0,0,0,0
1005,-1.5501180117967506,1.445139829229075,0.9306275236947814,-0.5192952033840481,2.511742393759821,2.773157105031175,0.46193512989734054,1,0,0,0,1,0,0,1,0,0,0,0,0,0,1,0,0,0,0,0,0,1,0,0,0,0,0,0,0,0,1,0,0
1006,0.8404474648030756,-0.5732256397297408,0.9306275236947814,-0.5192952033840481,-0.2473149610326346,-0.5156919332653549,0.46193512989734054,0,1,1,0,0,0,0,0,0,0,0,0,0,1,0,1,1,0,0,0,0,0,0,0,0,0,0,0,0,1,0,0,0
1007,0.8404474648030756,0.12954829861862116,-0.616256129706197,-0.5192952033840481,-1.003536307010766,-0.5156919332653549,-0.7188467973582886,0,1,1,0,0,0,0,0,0,0,0,0,0,1,0,1,1,0,0,0,0,0,0,0,0,0,0,0,0,1,0,0,0
1008,0.8404474648030756,-4.314797286517154,0.9306275236947814,1.14913574381843,-0.10701611234605035,1.5593407800007992,1.1526482788711399,1,0,0,0,1,0,0,0,0,0,0,1,0,0,1,0,0,1,0,0,0,0,0,0,0,0,0,0,1,0,0,0,0
1009,-1.5501180117967506,0.53444004902066,-0.616256129706197,-0.5192952033840481,1.4029985485869256,1.5593407800007992,-0.7188467973582886,0,1,1,0,0,0,0,1,0,0,0,0,0,0,0,1,1,0,0,0,0,0,0,0,0,0,0,0,0,1,0,0,0
1010,-0.35483527349683747,0.1858915432439257,0.9306275236947814,-0.5192952033840481,0.3296188783259015,-0.5156919332653549,0.46193512989734054,1,0,0,0,1,0,0,0,0,0,0,0,0,1,1,0,0,1,0,0,0,0,0,0,0,0,0,0,0,0,1,0,0
1011,-0.35483527349683747,-1.2039246942459216,-0.616256129706197,-0.5192952033840481,-0.1640588702657147,-0.5156919332653549,-0.7188467973582886,1,0,0,0,1,0,0,0,0,0,0,0,0,1,1,0,0,0,0,0,1,0,0,0,0,0,0,0,1,0,0,0,0
1012,0.8404474648030756,0.12954829861862116,0.9306275236947814,-0.5192952033840481,-0.8354896138476378,-0.5156919332653549,0.46193512989734054,0,1,0,1,0,0,0,0,0,0,0,0,0,1,0,1,1,0,0,0,0,0,0,0,0,0,0,0,0,1,0,0,0
1013,-1.5501180117967506,0.4889038706199906,0.9306275236947814,-0.5192952033840481,1.1335167530100125,1.5593407800007992,0.46193512989734054,1,0,1,0,0,0,0,1,0,0,0,0,0,0,0,1,1,0,0,0,0,0,0,0,0,0,0,0,0,0,1,0,0
1014,0.8404474648030756,0.12954829861862116,-0.616256129706197,-0.5192952033840481,-0.8963314584467578,-0.5156919332653549,-0.7188467973582886,0,1,0,0,1,0,0,0,0,0,0,0,0,1,0,1,1,0,0,0,0,0,0,0,0,0,0,0,0,1,0,0,0
1015,0.8404474648030756,0.12954829861862116,-0.616256129706197,-0.5192952033840481,-0.8354896138476378,-0.5156919332653549,-0.7188467973582886,0,1,0,1,0,0,0,0,0,0,0,0,0,1,0,1,1,0,0,0,0,0,0,0,0,0,0,0,0,1,0,0,0
1016,0.8404474648030756,-0.6630835525292557,-0.616256129706197,1.14913574381843,-0.14267526827644114,-0.5156919332653549,0.46193512989734054,1,0,0,0,1,0,0,0,0,0,0,0,0,1,0,1,1,0,0,0,0,0,0,0,0,0,0,0,1,0,0,0,0
1017,0.8404474648030756,-0.25569822845231965,-0.616256129706197,-0.5192952033840481,-0.8300914097163599,-0.5156919332653549,-0.7188467973582886,0,1,0,0,1,0,0,0,0,0,0,0,0,1,0,1,1,0,0,0,0,0,0,0,0,0,0,0,0,1,0,0,0
1018,0.8404474648030756,0.12954829861862116,1.8354964539128964,-0.5192952033840481,0.21854493995283408,-0.5156919332653549,1.1526482788711399,1,0,0,1,0,0,0,0,0,0,0,0,0,1,0,1,1,0,0,0,0,0,0,0,0,0,0,0,1,0,0,0,0
1019,-0.35483527349683747,0.7842040424284445,-0.616256129706197,-0.5192952033840481,-0.349499730001547,-0.5156919332653549,-0.7188467973582886,0,1,0,0,1,0,0,0,0,0,0,0,0,1,0,1,1,0,0,0,0,0,0,0,0,0,0,0,0,1,0,0,0
1020,0.8404474648030756,-0.11712078413213992,-0.616256129706197,-0.5192952033840481,-0.8006319407943235,-0.5156919332653549,-0.7188467973582886,0,1,0,0,1,0,0,0,0,0,0,0,0,1,0,1,1,0,0,0,0,0,0,0,0,0,0,0,0,1,0,0,0
1021,0.8404474648030756,0.3442938732425542,-0.616256129706197,-0.5192952033840481,-0.8006319407943235,-0.5156919332653549,-0.7188467973582886,0,1,0,0,1,0,0,0,0,0,0,0,0,1,1,0,0,1,0,0,0,0,0,0,0,0,0,0,0,1,0,0,0
1022,-1.5501180117967506,1.1627733144646946,-0.616256129706197,-0.5192952033840481,0.42118424635765517,1.5593407800007992,-0.7188467973582886,0,1,1,0,0,0,0,1,0,0,0,0,0,0,0,1,1,0,0,0,0,0,0,0,0,0,0,0,0,0,0,1,0
1023,0.8404474648030756,0.12954829861862116,-0.616256129706197,3.3546814873049193,0.3089908071925305,-0.5156919332653549,2.0228439334718025,1,0,0,0,1,0,0,0,0,0,0,0,0,1,0,1,1,0,0,0,0,0,0,0,0,0,0,0,0,0,1,0,0
1024,0.8404474648030756,0.12954829861862116,0.9306275236947814,-0.5192952033840481,-1.003536307010766,-0.5156919332653549,0.46193512989734054,0,1,1,0,0,0,0,0,0,0,0,0,0,1,0,1,1,0,0,0,0,0,0,0,0,0,0,0,0,1,0,0,0
1025,0.8404474648030756,0.8224118525470964,-0.616256129706197,-0.5192952033840481,-0.8184019745342453,-0.5156919332653549,-0.7188467973582886,0,1,0,0,1,0,0,0,0,0,0,0,0,1,0,1,1,0,0,0,0,0,0,0,0,0,0,0,0,1,0,0,0
1026,0.8404474648030756,-0.11712078413213992,-0.616256129706197,-0.5192952033840481,-0.8232487375122534,-0.5156919332653549,-0.7188467973582886,0,1,0,0,1,0,0,0,0,0,0,0,0,1,0,1,1,0,0,0,0,0,0,0,0,0,0,0,0,1,0,0,0
1027,0.8404474648030756,0.041281545866489334,-0.616256129706197,-0.5192952033840481,-0.8994695884579214,-0.5156919332653549,-0.7188467973582886,0,1,1,0,0,0,0,0,0,0,0,0,0,1,0,1,1,0,0,0,0,0,0,0,0,0,0,0,0,1,0,0,0
1028,-0.35483527349683747,0.010785891315448454,-0.616256129706197,-0.5192952033840481,-0.349499730001547,-0.5156919332653549,-0.7188467973582886,0,1,0,0,1,0,0,0,0,0,0,0,0,1,0,1,1,0,0,0,0,0,0,0,0,0,0,0,0,1,0,0,0
1029,0.8404474648030756,-0.18496557322471274,-0.616256129706197,-0.5192952033840481,-0.8006319407943235,-0.5156919332653549,-0.7188467973582886,1,0,0,0,1,0,0,0,0,0,0,0,0,1,1,0,0,0,0,0,0,0,0,1,0,0,0,0,1,0,0,0,0
1030,0.8404474648030756,0.7050478185216632,0.9306275236947814,4.164582628358059,0.9223964688748654,-0.5156919332653549,2.8234989844085985,0,1,0,0,1,0,0,0,0,0,0,0,0,1,1,0,0,0,0,0,1,0,0,0,0,0,0,0,0,1,0,0,0
1031,0.8404474648030756,-1.4815629937513952,3.3823801073138746,2.1251052829745594,0.9223964688748654,-0.5156919332653549,2.8234989844085985,1,0,0,0,1,0,0,0,0,0,0,0,0,1,1,0,0,0,0,0,1,0,0,0,0,0,0,0,1,0,0,0,0
1032,-1.5501180117967506,0.39390849919311977,-0.616256129706197,-0.5192952033840481,2.1201733014981166,-0.5156919332653549,-0.7188467973582886,1,0,0,0,1,0,0,0,0,0,0,0,0,1,0,1,1,0,0,0,0,0,0,0,0,0,0,0,1,0,0,0,0
1033,-1.5501180117967506,1.392374554860924,0.9306275236947814,2.817566691020908,2.68483382584043,4.3023848214776805,2.0228439334718025,0,1,1,0,0,0,1,0,0,0,0,0,0,0,1,0,0,0,0,0,0,1,0,0,0,0,0,0,0,1,0,0,0
1034,-0.35483527349683747,0.12954829861862116,-0.616256129706197,-0.5192952033840481,0.3296188783259015,-0.5156919332653549,-0.7188467973582886,0,1,0,0,1,0,0,0,0,0,0,0,0,1,0,1,1,0,0,0,0,0,0,0,0,0,0,0,0,1,0,0,0
1035,-1.5501180117967506,0.7842040424284445,-0.616256129706197,-0.5192952033840481,0.3504704437482434,-0.5156919332653549,-0.7188467973582886,0,1,0,0,1,0,0,0,0,0,0,0,0,1,0,1,1,0,0,0,0,0,0,0,0,0,0,0,0,1,0,0,0
1036,0.8404474648030756,0.2931524060798294,2.4775111770957596,-0.5192952033840481,-0.03373112065638178,-0.5156919332653549,1.6427170571529697,0,1,0,0,1,0,0,0,0,0,0,0,0,1,0,1,1,0,0,0,0,0,0,0,0,0,0,0,0,1,0,0,0
1037,-1.5501180117967506,0.12954829861862116,-0.616256129706197,-0.5192952033840481,1.0243281289625181,1.5593407800007992,-0.7188467973582886,0,1,0,0,1,0,0,0,0,1,0,0,0,0,0,1,1,0,0,0,0,0,0,0,0,0,0,0,0,1,0,0,0
1038,0.8404474648030756,-0.25569822845231965,-0.616256129706197,-0.5192952033840481,-0.8006319407943235,-0.5156919332653549,-0.7188467973582886,0,1,0,0,1,0,0,0,0,0,0,0,0,1,1,0,0,1,0,0,0,0,0,0,0,0,0,0,0,1,0,0,0
1039,-1.5501180117967506,0.12954829861862116,-0.616256129706197,-0.5192952033840481,0.3504704437482434,-0.5156919332653549,-0.7188467973582886,0,1,0,0,1,0,0,0,0,0,0,0,0,1,0,1,1,0,0,0,0,0,0,0,0,0,0,0,0,1,0,0,0
1040,-0.35483527349683747,0.24038713171167791,0.9306275236947814,1.14913574381843,0.3296188783259015,-0.5156919332653549,1.1526482788711399,0,1,0,0,1,0,0,0,0,0,0,0,0,1,0,1,1,0,0,0,0,0,0,0,0,0,0,0,0,0,0,0,1
1041,-1.5501180117967506,-0.18496557322471274,-0.616256129706197,1.14913574381843,1.5051497231093105,1.5593407800007992,0.46193512989734054,1,0,1,0,0,0,0,1,0,0,0,0,0,0,0,1,1,0,0,0,0,0,0,0,0,0,0,0,0,0,1,0,0
1042,0.8404474648030756,0.12954829861862116,-0.616256129706197,-0.5192952033840481,-0.8184019745342453,-0.5156919332653549,-0.7188467973582886,0,1,1,0,0,0,0,0,0,0,0,0,0,1,0,1,1,0,0,0,0,0,0,0,0,0,0,0,0,1,0,0,0
1043,0.8404474648030756,1.3789172623663672,-0.616256129706197,-0.5192952033840481,-0.2473149610326346,-0.5156919332653549,-0.7188467973582886,0,1,0,0,1,0,0,0,0,0,0,0,0,1,0,1,1,0,0,0,0,0,0,0,0,0,0,0,0,1,0,0,0
1044,0.8404474648030756,0.53444004902066,-0.616256129706197,2.1251052829745594,-0.41165058599484433,-0.5156919332653549,1.1526482788711399,1,0,0,0,1,0,0,0,0,0,0,0,0,1,0,1,1,0,0,0,0,0,0,0,0,0,0,0,0,0,1,0,0
1045,0.8404474648030756,-1.0807597239906632,2.9754964846475396,2.1251052829745594,0.5177427446801484,-0.5156919332653549,2.596027157999466,0,1,0,0,1,0,0,0,0,0,0,0,0,1,0,1,1,0,0,0,0,0,0,0,0,0,0,1,0,0,0,0,0
1046,0.8404474648030756,-0.11712078413213992,-0.616256129706197,-0.5192952033840481,-0.8593984950931621,-0.5156919332653549,-0.7188467973582886,0,1,0,0,1,0,0,0,0,0,0,0,0,1,1,0,0,1,0,0,0,0,0,0,0,0,0,0,0,1,0,0,0
1047,-1.5501180117967506,0.1858915432439257,-0.616256129706197,-0.5192952033840481,2.511742393759821,1.5593407800007992,-0.7188467973582886,1,0,0,0,1,0,0,1,0,0,0,0,0,0,1,0,0,0,0,0,0,1,0,0,0,0,0,0,1,0,0,0,0
1048,0.8404474648030756,-0.18496557322471274,-0.616256129706197,-0.5192952033840481,-0.8232487375122534,-0.5156919332653549,-0.7188467973582886,1,0,0,0,1,0,0,0,0,0,0,0,0,1,0,1,1,0,0,0,0,0,0,0,0,0,0,0,1,0,0,0,0
1049,-1.5501180117967506,0.7842040424284445,-0.616256129706197,-0.5192952033840481,0.3504704437482434,1.5593407800007992,-0.7188467973582886,0,1,0,0,1,0,0,0,1,0,0,0,0,0,0,1,1,0,0,0,0,0,0,0,0,0,0,0,0,1,0,0,0
1050,0.8404474648030756,0.010785891315448454,-0.616256129706197,2.1251052829745594,-0.29378789952403317,-0.5156919332653549,1.1526482788711399,1,0,0,0,1,0,0,0,0,0,0,0,0,1,1,0,0,0,0,0,0,0,0,1,0,0,0,0,0,0,1,0,0
1051,0.8404474648030756,0.12954829861862116,-0.616256129706197,-0.5192952033840481,-0.8374649872729754,-0.5156919332653549,-0.7188467973582886,1,0,0,1,0,0,0,0,0,0,0,0,0,1,0,1,1,0,0,0,0,0,0,0,0,0,0,0,1,0,0,0,0
1052,0.8404474648030756,-2.010822440218663,0.9306275236947814,1.14913574381843,-0.19566228412334333,-0.5156919332653549,1.1526482788711399,0,1,1,0,0,0,0,0,0,0,0,0,0,1,0,1,1,0,0,0,0,0,0,0,0,0,0,1,0,0,0,0,0
1053,-0.35483527349683747,0.010785891315448454,-0.616256129706197,-0.5192952033840481,-0.3132148475497802,-0.5156919332653549,-0.7188467973582886,1,0,0,0,1,0,0,0,0,0,0,0,0,1,0,1,1,0,0,0,0,0,0,0,0,0,0,0,1,0,0,0,0
1054,0.8404474648030756,0.12954829861862116,-0.616256129706197,-0.5192952033840481,-0.9281497549250352,-0.5156919332653549,-0.7188467973582886,0,1,0,0,1,0,0,0,0,0,0,0,0,1,0,1,1,0,0,0,0,0,0,0,0,0,0,0,0,1,0,0,0
1055,-0.35483527349683747,0.745097143003287,-0.616256129706197,-0.5192952033840481,-0.349499730001547,-0.5156919332653549,-0.7188467973582886,0,1,0,0,1,0,0,0,0,0,0,0,0,1,0,1,1,0,0,0,0,0,0,0,0,0,0,0,0,0,0,0,1
1056,0.8404474648030756,0.010785891315448454,0.9306275236947814,1.14913574381843,0.16494580331044603,-0.5156919332653549,1.1526482788711399,1,0,0,0,1,0,0,0,0,0,0,0,0,1,0,1,1,0,0,0,0,0,0,0,0,0,0,0,0,0,1,0,0
1057,-1.5501180117967506,1.0012904153865825,-0.616256129706197,-0.5192952033840481,0.9972432410463101,1.5593407800007992,-0.7188467973582886,0,1,1,0,0,0,1,0,0,0,0,0,0,0,1,0,0,0,0,0,0,1,0,0,0,0,0,0,0,1,0,0,0
1058,0.8404474648030756,-0.5732256397297408,1.8354964539128964,2.1251052829745594,0.60897662129651,-0.5156919332653549,2.0228439334718025,0,1,0,0,1,0,0,0,0,0,0,0,0,1,1,0,0,0,0,0,0,0,0,0,0,1,0,0,0,1,0,0,0
1059,-1.5501180117967506,0.12954829861862116,-0.616256129706197,-0.5192952033840481,0.393505098169823,-0.5156919332653549,-0.7188467973582886,1,0,1,0,0,0,0,0,0,0,0,0,0,1,0,1,1,0,0,0,0,0,0,0,0,0,0,0,0,0,1,0,0
1060,0.8404474648030756,-0.25569822845231965,-0.616256129706197,-0.5192952033840481,-0.7013012495047313,-0.5156919332653549,-0.7188467973582886,1,0,0,0,1,0,0,0,0,0,0,0,0,1,0,1,1,0,0,0,0,0,0,0,0,0,0,0,1,0,0,0,0
1061,0.8404474648030756,0.12954829861862116,-0.616256129706197,-0.5192952033840481,-0.8593984950931621,-0.5156919332653549,-0.7188467973582886,0,1,0,0,1,0,0,0,0,0,0,0,0,1,1,0,0,1,0,0,0,0,0,0,0,0,0,0,0,1,0,0,0
1062,0.8404474648030756,0.07122769915858289,-0.616256129706197,-0.5192952033840481,-0.8994695884579214,-0.5156919332653549,-0.7188467973582886,0,1,1,0,0,0,0,0,0,0,0,0,0,1,0,1,1,0,0,0,0,0,0,0,0,0,0,0,0,1,0,0,0
1063,0.8404474648030756,-0.18496557322471274,0.9306275236947814,-0.5192952033840481,-0.2850767018766572,-0.5156919332653549,0.46193512989734054,0,1,0,0,1,0,0,0,0,0,0,0,0,1,0,1,1,0,0,0,0,0,0,0,0,0,0,0,0,1,0,0,0
1064,0.8404474648030756,0.12954829861862116,-0.616256129706197,-0.5192952033840481,-0.8989417165609715,-0.5156919332653549,-0.7188467973582886,0,1,1,0,0,0,0,0,0,0,0,0,0,1,0,1,1,0,0,0,0,0,0,0,0,0,0,0,0,1,0,0,0
1065,0.8404474648030756,0.7050478185216632,0.9306275236947814,3.793536230177037,0.5177427446801484,-0.5156919332653549,2.596027157999466,0,1,0,0,1,0,0,0,0,0,0,0,0,1,0,1,1,0,0,0,0,0,0,0,0,0,0,0,0,1,0,0,0
1066,-0.35483527349683747,-0.8588350170694168,-0.616256129706197,2.1251052829745594,0.7360300416790365,-0.5156919332653549,1.1526482788711399,1,0,0,0,1,0,0,0,0,0,0,0,0,1,0,1,1,0,0,0,0,0,0,0,0,0,0,0,1,0,0,0,0
1067,-0.35483527349683747,-0.40689028014595924,-0.616256129706197,-0.5192952033840481,0.6761669127658763,-0.5156919332653549,-0.7188467973582886,1,0,0,0,1,0,0,0,0,0,0,0,0,1,1,0,0,0,0,0,1,0,0,0,0,0,0,0,1,0,0,0,0
1068,-1.5501180117967506,1.1932689690157354,0.9306275236947814,-0.5192952033840481,1.09207050531204,1.5593407800007992,0.46193512989734054,0,1,1,0,0,0,0,1,0,0,0,0,0,0,0,1,1,0,0,0,0,0,0,0,0,0,0,0,0,1,0,0,0
1069,-0.35483527349683747,0.53444004902066,-0.616256129706197,2.817566691020908,0.7360300416790365,1.5593407800007992,1.6427170571529697,1,0,0,0,1,0,0,0,0,0,1,0,0,0,0,1,1,0,0,0,0,0,0,0,0,0,0,0,0,0,1,0,0
1070,-1.5501180117967506,1.4709072685212083,-0.616256129706197,2.1251052829745594,1.5051497231093105,1.5593407800007992,1.1526482788711399,1,0,1,0,0,0,0,0,0,1,0,0,0,0,1,0,0,0,0,0,0,1,0,0,0,0,0,0,0,0,1,0,0
1071,-0.35483527349683747,0.24038713171167791,-0.616256129706197,-0.5192952033840481,-0.349499730001547,-0.5156919332653549,-0.7188467973582886,0,1,0,0,1,0,0,0,0,0,0,0,0,1,0,1,1,0,0,0,0,0,0,0,0,0,0,0,0,1,0,0,0
1072,-1.5501180117967506,0.5787617834195053,0.9306275236947814,1.14913574381843,1.5051497231093105,1.5593407800007992,1.1526482788711399,0,1,1,0,0,0,0,0,0,1,0,0,0,0,1,0,0,0,0,0,0,1,0,0,0,0,0,0,0,1,0,0,0
1073,-1.5501180117967506,-0.5732256397297408,0.9306275236947814,-0.5192952033840481,1.048255173301682,1.5593407800007992,0.46193512989734054,1,0,0,0,1,0,0,0,1,0,0,0,0,0,0,1,1,0,0,0,0,0,0,0,0,0,0,0,0,0,1,0,0
1074,0.8404474648030756,0.12954829861862116,-0.616256129706197,-0.5192952033840481,-0.8354896138476378,-0.5156919332653549,-0.7188467973582886,0,1,0,1,0,0,0,0,0,0,0,0,0,1,0,1,1,0,0,0,0,0,0,0,0,0,0,0,0,1,0,0,0
1075,-1.5501180117967506,0.07122769915858289,0.9306275236947814,1.14913574381843,2.624806961521693,2.773157105031175,1.1526482788711399,1,0,1,0,0,0,1,0,0,0,0,0,0,0,1,0,0,0,0,0,0,1,0,0,0,0,0,0,0,0,1,0,0
1076,-0.35483527349683747,0.7050478185216632,-0.616256129706197,-0.5192952033840481,-0.14873987830081217,-0.5156919332653549,-0.7188467973582886,0,1,0,0,1,0,0,0,0,0,0,0,0,1,0,1,1,0,0,0,0,0,0,0,0,0,0,0,0,1,0,0,0
1077,-0.35483527349683747,-0.3295755706021491,-0.616256129706197,1.14913574381843,0.1178587841030389,-0.5156919332653549,0.46193512989734054,1,0,0,0,1,0,0,0,0,0,0,0,0,1,1,0,0,1,0,0,0,0,0,0,0,0,0,0,1,0,0,0,0
1078,0.8404474648030756,-0.6630835525292557,1.8354964539128964,-0.5192952033840481,-0.8006319407943235,-0.5156919332653549,1.1526482788711399,0,1,0,0,1,0,0,0,0,0,0,0,0,1,1,0,0,0,1,0,0,0,0,0,0,0,0,0,0,1,0,0,0
1079,0.8404474648030756,0.12954829861862116,4.28724903753199,2.1251052829745594,1.3227727037804757,-0.5156919332653549,3.3659875365053202,1,0,0,0,1,0,0,0,0,0,0,0,0,1,1,0,0,0,0,0,1,0,0,0,0,0,0,0,1,0,0,0,0
1080,-0.35483527349683747,0.7050478185216632,-0.616256129706197,-0.5192952033840481,-0.349499730001547,-0.5156919332653549,-0.7188467973582886,0,1,0,0,1,0,0,0,0,0,0,0,0,1,0,1,1,0,0,0,0,0,0,0,0,0,0,0,0,1,0,0,0
1081,-0.35483527349683747,0.44208481562722135,0.9306275236947814,-0.5192952033840481,0.3296188783259015,-0.5156919332653549,0.46193512989734054,0,1,0,0,1,0,0,0,0,0,0,0,0,1,0,1,1,0,0,0,0,0,0,0,0,0,0,0,0,1,0,0,0
1082,-1.5501180117967506,0.12954829861862116,-0.616256129706197,-0.5192952033840481,0.3296188783259015,-0.5156919332653549,-0.7188467973582886,0,1,0,0,1,0,0,0,0,0,0,0,0,1,0,1,1,0,0,0,0,0,0,0,0,0,0,0,0,1,0,0,0
1083,0.8404474648030756,-1.2691082072813853,0.9306275236947814,1.14913574381843,-0.2442550963279445,-0.5156919332653549,1.1526482788711399,0,1,0,0,1,0,0,0,0,0,0,0,0,1,1,0,0,0,0,1,0,0,0,0,0,0,0,1,0,0,0,0,0
1084,-0.35483527349683747,1.392374554860924,-0.616256129706197,-0.5192952033840481,-0.3986576870651932,-0.5156919332653549,-0.7188467973582886,0,1,0,1,0,0,0,0,0,0,0,0,0,1,0,1,1,0,0,0,0,0,0,0,0,0,0,0,0,1,0,0,0
1085,-0.35483527349683747,-1.815070975678501,-0.616256129706197,2.1251052829745594,0.5526643565510062,-0.5156919332653549,1.1526482788711399,0,1,0,0,1,0,0,0,0,0,0,0,0,1,0,1,1,0,0,0,0,0,0,0,0,0,0,1,0,0,0,0,0
1086,0.8404474648030756,0.39390849919311977,-0.616256129706197,-0.5192952033840481,-0.8232487375122534,-0.5156919332653549,-0.7188467973582886,0,1,0,0,1,0,0,0,0,0,0,0,0,1,0,1,1,0,0,0,0,0,0,0,0,0,0,0,0,1,0,0,0
1087,-1.5501180117967506,-2.232747147139909,-0.616256129706197,2.1251052829745594,1.9976212783408955,1.5593407800007992,1.1526482788711399,0,1,1,0,0,0,0,0,0,1,0,0,0,0,0,1,1,0,0,0,0,0,0,0,0,0,0,1,0,0,0,0,0
1088,0.8404474648030756,-0.5732256397297408,-0.616256129706197,-0.5192952033840481,-0.832539503301492,-0.5156919332653549,-0.7188467973582886,1,0,0,0,1,0,0,0,0,0,0,0,0,1,0,1,1,0,0,0,0,0,0,0,0,0,0,0,1,0,0,0,0
1089,-0.35483527349683747,-0.18496557322471274,-0.616256129706197,-0.5192952033840481,-0.5529007403413786,-0.5156919332653549,-0.7188467973582886,0,1,0,0,1,0,0,0,0,0,0,0,0,1,1,0,0,0,0,0,1,0,0,0,0,0,0,0,0,1,0,0,0
1090,0.8404474648030756,0.12954829861862116,-0.616256129706197,-0.5192952033840481,-0.7935155118439545,-0.5156919332653549,-0.7188467973582886,1,0,0,0,1,0,0,0,0,0,0,0,0,1,0,1,1,0,0,0,0,0,0,0,0,0,0,0,0,0,1,0,0
1091,0.8404474648030756,0.12954829861862116,-0.616256129706197,-0.5192952033840481,-0.1796082316300368,-0.5156919332653549,-0.7188467973582886,1,0,0,1,0,0,0,0,0,0,0,0,0,1,0,1,1,0,0,0,0,0,0,0,0,0,0,0,1,0,0,0,0
1092,0.8404474648030756,-4.992826849036002,-0.616256129706197,2.1251052829745594,-0.2509477607608237,-0.5156919332653549,1.1526482788711399,0,1,0,0,1,0,0,0,0,0,0,0,0,1,0,1,1,0,0,0,0,0,0,0,0,0,0,1,0,0,0,0,0
1093,-1.5501180117967506,0.9670218499245334,0.9306275236947814,-0.5192952033840481,2.5380729849421146,2.773157105031175,0.46193512989734054,0,1,1,0,0,0,0,1,0,0,0,0,0,0,1,0,0,0,0,0,0,1,0,0,0,0,0,0,0,0,0,1,0
1094,-0.35483527349683747,-1.815070975678501,0.9306275236947814,1.14913574381843,0.3296188783259015,-0.5156919332653549,1.1526482788711399,1,0,0,0,1,0,0,0,0,0,0,0,0,1,0,1,1,0,0,0,0,0,0,0,0,0,0,0,1,0,0,0,0
1095,-0.35483527349683747,-0.05193727109667554,-0.616256129706197,-0.5192952033840481,-0.5529007403413786,-0.5156919332653549,-0.7188467973582886,0,1,0,0,1,0,0,0,0,0,0,0,0,1,1,0,0,0,0,0,1,0,0,0,0,0,0,0,0,1,0,0,0
1096,-1.5501180117967506,0.12954829861862116,-0.616256129706197,-0.5192952033840481,0.3196791992244924,-0.5156919332653549,-0.7188467973582886,0,1,1,0,0,0,0,0,0,0,0,0,0,1,1,0,0,1,0,0,0,0,0,0,0,0,0,0,0,1,0,0,0
1097,0.8404474648030756,0.4889038706199906,-0.616256129706197,-0.5192952033840481,-0.8354896138476378,-0.5156919332653549,-0.7188467973582886,1,0,0,1,0,0,0,0,0,0,0,0,0,1,0,1,1,0,0,0,0,0,0,0,0,0,0,0,1,0,0,0,0
1098,-0.35483527349683747,-0.11712078413213992,-0.616256129706197,-0.5192952033840481,-0.5529007403413786,-0.5156919332653549,-0.7188467973582886,0,1,0,0,1,0,0,0,0,0,0,0,0,1,0,1,1,0,0,0,0,0,0,0,0,0,0,0,0,1,0,0,0
1099,-1.5501180117967506,0.39390849919311977,-0.616256129706197,-0.5192952033840481,0.393505098169823,1.5593407800007992,-0.7188467973582886,1,0,1,0,0,1,0,0,0,0,0,0,0,0,1,0,0,0,0,0,0,1,0,0,0,0,0,0,1,0,0,0,0
1100,0.8404474648030756,-0.05193727109667554,-0.616256129706197,-0.5192952033840481,-0.8184019745342453,-0.5156919332653549,-0.7188467973582886,0,1,0,0,1,0,0,0,0,0,0,0,0,1,0,1,1,0,0,0,0,0,0,0,0,0,0,0,0,1,0,0,0
1101,0.8404474648030756,0.3442938732425542,-0.616256129706197,-0.5192952033840481,0.18715961240122,-0.5156919332653549,-0.7188467973582886,0,1,0,0,1,0,0,0,0,0,0,0,0,1,1,0,0,1,0,0,0,0,0,0,0,0,0,0,0,1,0,0,0
1102,0.8404474648030756,0.12954829861862116,-0.616256129706197,-0.5192952033840481,-0.9217072852052407,-0.5156919332653549,-0.7188467973582886,0,1,0,0,1,0,0,0,0,0,0,0,0,1,1,0,0,0,0,0,0,0,0,1,0,0,0,0,0,1,0,0,0
1103,-0.35483527349683747,-0.6630835525292557,-0.616256129706197,-0.5192952033840481,1.3791030947274145,-0.5156919332653549,-0.7188467973582886,0,1,0,0,1,0,0,0,0,0,0,0,0,1,1,0,0,1,0,0,0,0,0,0,0,0,0,0,0,1,0,0,0
1104,-0.35483527349683747,1.3653501132076888,0.9306275236947814,-0.5192952033840481,0.3296188783259015,-0.5156919332653549,0.46193512989734054,1,0,0,0,1,0,0,0,0,0,0,0,0,1,0,1,1,0,0,0,0,0,0,0,0,0,0,0,0,0,1,0,0
1105,0.8404474648030756,0.6219321727480278,2.9754964846475396,2.1251052829745594,-0.832539503301492,-0.5156919332653549,2.596027157999466,1,0,0,0,1,0,0,0,0,0,0,0,0,1,0,1,1,0,0,0,0,0,0,0,0,0,0,0,1,0,0,0,0
1106,-1.5501180117967506,0.7842040424284445,-0.616256129706197,-0.5192952033840481,0.822764590350586,1.5593407800007992,-0.7188467973582886,0,1,0,0,1,0,1,0,0,0,0,0,0,0,0,1,1,0,0,0,0,0,0,0,0,0,0,0,0,1,0,0,0
1107,0.8404474648030756,0.12954829861862116,-0.616256129706197,-0.5192952033840481,-0.8203332962262189,-0.5156919332653549,-0.7188467973582886,1,0,0,1,0,0,0,0,0,0,0,0,0,1,0,1,1,0,0,0,0,0,0,0,0,0,0,0,1,0,0,0,0
1108,-1.5501180117967506,1.2815357217678667,0.9306275236947814,1.14913574381843,2.2067119652681435,-0.5156919332653549,1.1526482788711399,0,1,0,0,1,0,0,0,0,0,0,0,0,1,0,1,1,0,0,0,0,0,0,0,0,0,0,0,0,1,0,0,0
1109,-1.5501180117967506,1.0677779430378231,0.9306275236947814,1.14913574381843,2.4628964880906103,1.5593407800007992,1.1526482788711399,1,0,1,0,0,0,0,1,0,0,0,0,0,0,0,1,1,0,0,0,0,0,0,0,0,0,0,0,0,0,1,0,0
1110,0.8404474648030756,0.12954829861862116,-0.616256129706197,-0.5192952033840481,-0.8006319407943235,-0.5156919332653549,-0.7188467973582886,0,1,0,0,1,0,0,0,0,0,0,0,0,1,0,1,1,0,0,0,0,0,0,0,0,0,0,0,0,1,0,0,0
1111,-0.35483527349683747,0.24038713171167791,0.9306275236947814,-0.5192952033840481,-0.2879746074828157,-0.5156919332653549,0.46193512989734054,1,0,1,0,0,0,0,0,0,0,0,0,0,1,1,0,0,0,0,0,0,0,1,0,0,0,0,0,1,0,0,0,0
1112,0.8404474648030756,-0.3295755706021491,-0.616256129706197,-0.5192952033840481,-0.8006319407943235,-0.5156919332653549,-0.7188467973582886,0,1,0,0,1,0,0,0,0,0,0,0,0,1,0,1,1,0,0,0,0,0,0,0,0,0,0,0,0,1,0,0,0
1113,-0.35483527349683747,-0.25569822845231965,-0.616256129706197,-0.5192952033840481,-0.5529007403413786,1.5593407800007992,-0.7188467973582886,1,0,0,0,1,0,0,0,0,0,1,0,0,0,1,0,0,0,0,0,0,0,0,0,0,1,0,0,0,0,1,0,0
1114,0.8404474648030756,-0.3295755706021491,-0.616256129706197,-0.5192952033840481,-0.8300914097163599,-0.5156919332653549,-0.7188467973582886,0,1,0,0,1,0,0,0,0,0,0,0,0,1,0,1,1,0,0,0,0,0,0,0,0,0,0,0,0,1,0,0,0
1115,-1.5501180117967506,1.1627733144646946,-0.616256129706197,-0.5192952033840481,0.38355677936786764,-0.5156919332653549,-0.7188467973582886,1,0,1,0,0,0,0,0,0,0,0,0,0,1,1,0,0,0,0,0,0,1,0,0,0,0,0,0,0,0,1,0,0
1116,0.8404474648030756,0.12954829861862116,-0.616256129706197,2.1251052829745594,-0.19566228412334333,-0.5156919332653549,1.1526482788711399,1,0,1,0,0,0,0,0,0,0,0,0,0,1,0,1,1,0,0,0,0,0,0,0,0,0,0,0,0,0,1,0,0
1117,0.8404474648030756,-0.18496557322471274,-0.616256129706197,-0.5192952033840481,-0.8300914097163599,-0.5156919332653549,-0.7188467973582886,0,1,0,0,1,0,0,0,0,0,0,0,0,1,0,1,1,0,0,0,0,0,0,0,0,0,0,0,0,1,0,0,0
1118,0.8404474648030756,0.12954829861862116,-0.616256129706197,-0.5192952033840481,-0.8354896138476378,-0.5156919332653549,-0.7188467973582886,1,0,0,1,0,0,0,0,0,0,0,0,0,1,0,1,1,0,0,0,0,0,0,0,0,0,0,0,1,0,0,0,0
1119,0.8404474648030756,0.7251931141765315,-0.616256129706197,-0.5192952033840481,-0.20498405838852024,-0.5156919332653549,-0.7188467973582886,0,1,0,0,1,0,0,0,0,0,0,0,0,1,1,0,0,0,0,0,1,0,0,0,0,0,0,0,0,1,0,0,0
1120,-0.35483527349683747,0.53444004902066,-0.616256129706197,-0.5192952033840481,-0.349499730001547,-0.5156919332653549,-0.7188467973582886,0,1,0,0,1,0,0,0,0,0,0,0,0,1,0,1,1,0,0,0,0,0,0,0,0,0,0,0,0,1,0,0,0
1121,-0.35483527349683747,-0.9660958799053205,-0.616256129706197,-0.5192952033840481,1.2538382220034046,-0.5156919332653549,-0.7188467973582886,0,1,0,0,1,0,0,0,0,0,0,0,0,1,0,1,1,0,0,0,0,0,0,0,0,0,0,0,0,1,0,0,0
1122,-1.5501180117967506,-0.3295755706021491,-0.616256129706197,-0.5192952033840481,0.3504704437482434,-0.5156919332653549,-0.7188467973582886,1,0,0,0,1,0,0,0,0,0,0,0,0,1,0,1,1,0,0,0,0,0,0,0,0,0,0,0,1,0,0,0,0
1123,0.8404474648030756,-0.3295755706021491,0.9306275236947814,-0.5192952033840481,-0.9954626371864914,-0.5156919332653549,0.46193512989734054,0,1,0,0,1,0,0,0,0,0,0,0,0,1,0,1,1,0,0,0,0,0,0,0,0,0,0,0,0,1,0,0,0
1124,0.8404474648030756,0.12954829861862116,-0.616256129706197,-0.5192952033840481,-0.8203332962262189,-0.5156919332653549,-0.7188467973582886,0,1,0,1,0,0,0,0,0,0,0,0,0,1,0,1,1,0,0,0,0,0,0,0,0,0,0,0,0,1,0,0,0
1125,-1.5501180117967506,0.6640095225484678,0.9306275236947814,-0.5192952033840481,1.3478696916016093,1.5593407800007992,0.46193512989734054,0,1,1,0,0,0,0,1,0,0,0,0,0,0,1,0,0,0,0,0,0,1,0,0,0,0,0,0,0,1,0,0,0
1126,0.8404474648030756,-0.40689028014595924,-0.616256129706197,-0.5192952033840481,-0.8232487375122534,-0.5156919332653549,-0.7188467973582886,0,1,0,0,1,0,0,0,0,0,0,0,0,1,0,1,1,0,0,0,0,0,0,0,0,0,0,0,0,1,0,0,0
1127,-1.5501180117967506,1.4709072685212083,0.9306275236947814,-0.5192952033840481,1.4031111095759121,1.5593407800007992,0.46193512989734054,0,1,1,0,0,0,0,0,1,0,0,0,0,0,0,1,1,0,0,0,0,0,0,0,0,0,0,0,0,1,0,0,0
1128,0.8404474648030756,-0.40689028014595924,-0.616256129706197,-0.5192952033840481,-0.8994695884579214,-0.5156919332653549,-0.7188467973582886,0,1,1,0,0,0,0,0,0,0,0,0,0,1,0,1,1,0,0,0,0,0,0,0,0,0,0,0,0,1,0,0,0
1129,-0.35483527349683747,-0.5732256397297408,0.9306275236947814,1.14913574381843,-0.349499730001547,-0.5156919332653549,1.1526482788711399,1,0,0,0,1,0,0,0,0,0,0,0,0,1,0,1,1,0,0,0,0,0,0,0,0,0,0,0,1,0,0,0,0
1130,-1.5501180117967506,1.0012904153865825,0.9306275236947814,-0.5192952033840481,1.7575454627442464,1.5593407800007992,0.46193512989734054,1,0,1,0,0,0,0,1,0,0,0,0,0,0,1,0,0,0,0,0,0,1,0,0,0,0,0,0,0,0,1,0,0
1131,-1.5501180117967506,1.2232151223078298,-0.616256129706197,-0.5192952033840481,0.393505098169823,-0.5156919332653549,-0.7188467973582886,1,0,1,0,0,0,0,0,0,0,0,0,0,1,0,1,1,0,0,0,0,0,0,0,0,0,0,0,0,0,1,0,0
1132,-0.35483527349683747,0.8962891946969266,-0.616256129706197,2.1251052829745594,0.47246813048877645,-0.5156919332653549,1.1526482788711399,1,0,0,0,1,0,0,0,0,0,0,0,0,1,0,1,1,0,0,0,0,0,0,0,0,0,0,0,0,0,1,0,0
1133,-1.5501180117967506,0.8962891946969266,0.9306275236947814,1.14913574381843,1.9976212783408955,1.5593407800007992,1.1526482788711399,0,1,1,0,0,0,0,0,0,1,0,0,0,0,0,1,1,0,0,0,0,0,0,0,0,0,0,0,0,1,0,0,0
1134,0.8404474648030756,0.12954829861862116,-0.616256129706197,-0.5192952033840481,-0.8193671844668041,-0.5156919332653549,-0.7188467973582886,0,1,0,0,1,0,0,0,0,0,0,0,0,1,0,1,1,0,0,0,0,0,0,0,0,0,0,0,0,1,0,0,0
1135,0.8404474648030756,0.12954829861862116,0.9306275236947814,2.1251052829745594,0.22703790798703852,-0.5156919332653549,1.6427170571529697,0,1,0,0,1,0,0,0,0,0,0,0,0,1,1,0,0,0,0,0,0,0,0,0,0,1,0,1,0,0,0,0,0
1136,-1.5501180117967506,0.745097143003287,0.9306275236947814,-0.5192952033840481,1.0243281289625181,1.5593407800007992,0.46193512989734054,0,1,0,0,1,0,0,0,1,0,0,0,0,0,0,1,1,0,0,0,0,0,0,0,0,0,0,0,0,1,0,0,0
1137,-0.35483527349683747,-0.25569822845231965,-0.616256129706197,-0.5192952033840481,0.1178587841030389,-0.5156919332653549,-0.7188467973582886,1,0,0,0,1,0,0,0,0,0,0,0,0,1,1,0,0,1,0,0,0,0,0,0,0,0,0,0,0,0,1,0,0
1138,-0.35483527349683747,0.7842040424284445,0.9306275236947814,1.14913574381843,0.5526643565510062,-0.5156919332653549,1.1526482788711399,0,1,0,0,1,0,0,0,0,0,0,0,0,1,0,1,1,0,0,0,0,0,0,0,0,0,0,0,0,1,0,0,0
1139,-0.35483527349683747,0.1858915432439257,0.9306275236947814,-0.5192952033840481,0.3296188783259015,-0.5156919332653549,0.46193512989734054,1,0,0,0,1,0,0,0,0,0,0,0,0,1,0,1,1,0,0,0,0,0,0,0,0,0,0,0,0,0,1,0,0
1140,0.8404474648030756,0.12954829861862116,0.9306275236947814,-0.5192952033840481,-0.2473149610326346,-0.5156919332653549,0.46193512989734054,1,0,1,0,0,0,0,0,0,0,0,0,0,1,0,1,1,0,0,0,0,0,0,0,0,0,0,0,0,0,1,0,0
1141,-0.35483527349683747,-4.382642075609728,0.9306275236947814,2.1251052829745594,0.3945558294459721,-0.5156919332653549,1.6427170571529697,1,0,0,0,1,0,0,0,0,0,0,0,0,1,1,0,0,0,0,0,1,0,0,0,0,0,0,0,1,0,0,0,0
1142,0.8404474648030756,-0.40689028014595924,-0.616256129706197,-0.5192952033840481,-0.81501343889775,-0.5156919332653549,-0.7188467973582886,0,1,0,0,1,0,0,0,0,0,0,0,0,1,1,0,0,1,0,0,0,0,0,0,0,0,0,0,0,1,0,0,0
1143,-1.5501180117967506,0.07122769915858289,0.9306275236947814,-0.5192952033840481,2.014869405370234,1.5593407800007992,0.46193512989734054,0,1,1,0,0,0,0,1,0,0,0,0,0,0,0,1,1,0,0,0,0,0,0,0,0,0,0,0,0,1,0,0,0
1144,0.8404474648030756,-0.11712078413213992,-0.616256129706197,-0.5192952033840481,-0.6643455253229283,-0.5156919332653549,-0.7188467973582886,0,1,0,0,1,0,0,0,0,0,0,0,0,1,0,1,1,0,0,0,0,0,0,0,0,0,0,0,0,1,0,0,0
1145,0.8404474648030756,0.36928632229329844,-0.616256129706197,-0.5192952033840481,-0.6469667457346222,-0.5156919332653549,-0.7188467973582886,0,1,0,0,1,0,0,0,0,0,0,0,0,1,0,1,1,0,0,0,0,0,0,0,0,0,0,0,0,1,0,0,0
1146,0.8404474648030756,0.12954829861862116,-0.616256129706197,-0.5192952033840481,-0.8593984950931621,-0.5156919332653549,-0.7188467973582886,0,1,0,0,1,0,0,0,0,0,0,0,0,1,1,0,0,0,0,0,1,0,0,0,0,0,0,0,0,1,0,0,0
1147,0.8404474648030756,0.12954829861862116,-0.616256129706197,-0.5192952033840481,-0.8354896138476378,-0.5156919332653549,-0.7188467973582886,0,1,0,1,0,0,0,0,0,0,0,0,0,1,1,0,0,1,0,0,0,0,0,0,0,0,0,0,0,1,0,0,0
1148,0.8404474648030756,0.12954829861862116,-0.616256129706197,-0.5192952033840481,-0.8006319407943235,-0.5156919332653549,-0.7188467973582886,0,1,0,0,1,0,0,0,0,0,0,0,0,1,0,1,1,0,0,0,0,0,0,0,0,0,0,0,0,1,0,0,0
1149,-0.35483527349683747,-0.4879779006007784,-0.616256129706197,-0.5192952033840481,-0.349499730001547,-0.5156919332653549,-0.7188467973582886,1,0,0,0,1,0,0,0,0,0,0,0,0,1,0,1,1,0,0,0,0,0,0,0,0,0,0,0,1,0,0,0,0
1150,0.8404474648030756,-0.3295755706021491,-0.616256129706197,-0.5192952033840481,-0.832539503301492,-0.5156919332653549,-0.7188467973582886,0,1,0,0,1,0,0,0,0,0,0,0,0,1,0,1,1,0,0,0,0,0,0,0,0,0,0,0,0,1,0,0,0
1151,0.8404474648030756,0.5567486597125642,0.9306275236947814,-0.5192952033840481,-0.06691085649528744,-0.5156919332653549,0.46193512989734054,0,1,0,0,1,0,0,0,0,0,0,0,0,1,0,1,1,0,0,0,0,0,0,0,0,0,0,0,0,1,0,0,0
1152,0.8404474648030756,-0.3295755706021491,-0.616256129706197,-0.5192952033840481,-0.8232487375122534,-0.5156919332653549,-0.7188467973582886,0,1,0,0,1,0,0,0,0,0,0,0,0,1,0,1,1,0,0,0,0,0,0,0,0,0,0,0,0,1,0,0,0
1153,-0.35483527349683747,0.1858915432439257,-0.616256129706197,2.1251052829745594,0.2078296829753315,-0.5156919332653549,1.1526482788711399,1,0,0,0,1,0,0,0,0,0,0,0,0,1,0,1,1,0,0,0,0,0,0,0,0,0,0,0,0,0,1,0,0
1154,0.8404474648030756,-4.314797286517154,0.9306275236947814,1.14913574381843,-0.41165058599484433,-0.5156919332653549,1.1526482788711399,1,0,0,0,1,0,0,0,0,0,0,0,0,1,0,1,1,0,0,0,0,0,0,0,0,0,0,0,1,0,0,0,0
1155,-0.35483527349683747,0.24038713171167791,-0.616256129706197,-0.5192952033840481,-0.3690715391394107,-0.5156919332653549,-0.7188467973582886,0,1,1,0,0,0,0,0,0,0,0,0,0,1,1,0,0,0,0,0,1,0,0,0,0,0,0,0,0,1,0,0,0
1156,0.8404474648030756,0.12954829861862116,-0.616256129706197,-0.5192952033840481,-0.8184019745342453,-0.5156919332653549,-0.7188467973582886,0,1,0,0,1,0,0,0,0,0,0,0,0,1,0,1,1,0,0,0,0,0,0,0,0,0,0,0,0,1,0,0,0
1157,-1.5501180117967506,0.12954829861862116,-0.616256129706197,-0.5192952033840481,-3.0783194353751977,-0.5156919332653549,-0.7188467973582886,0,1,0,0,1,0,0,0,0,0,0,0,0,1,0,1,1,0,0,0,0,0,0,0,0,0,0,0,0,1,0,0,0
1158,0.8404474648030756,0.12954829861862116,-0.616256129706197,-0.5192952033840481,-0.8593984950931621,-0.5156919332653549,-0.7188467973582886,0,1,0,0,1,0,0,0,0,0,0,0,0,1,1,0,0,0,0,0,1,0,0,0,0,0,0,0,0,1,0,0,0
1159,0.8404474648030756,0.12954829861862116,-0.616256129706197,-0.5192952033840481,-0.8006319407943235,-0.5156919332653549,-0.7188467973582886,1,0,0,0,1,0,0,0,0,0,0,0,0,1,1,0,0,1,0,0,0,0,0,0,0,0,0,0,1,0,0,0,0
1160,0.8404474648030756,-0.6630835525292557,-0.616256129706197,-0.5192952033840481,-0.7329168499940787,-0.5156919332653549,-0.7188467973582886,0,1,0,0,1,0,0,0,0,0,0,0,0,1,0,1,1,0,0,0,0,0,0,0,0,0,0,0,0,1,0,0,0
1161,-1.5501180117967506,0.93203178823125,-0.616256129706197,-0.5192952033840481,1.4029985485869256,1.5593407800007992,-0.7188467973582886,0,1,1,0,0,0,0,1,0,0,0,0,0,0,0,1,1,0,0,0,0,0,0,0,0,0,0,0,0,1,0,0,0
1162,0.8404474648030756,0.12954829861862116,-0.616256129706197,-0.5192952033840481,-0.8354896138476378,-0.5156919332653549,-0.7188467973582886,0,1,0,1,0,0,0,0,0,0,0,0,0,1,0,1,1,0,0,0,0,0,0,0,0,0,0,0,0,1,0,0,0
1163,-1.5501180117967506,0.010785891315448454,0.9306275236947814,-0.5192952033840481,2.014869405370234,1.5593407800007992,0.46193512989734054,1,0,1,0,0,0,0,1,0,0,0,0,0,0,0,1,1,0,0,0,0,0,0,0,0,0,0,0,0,0,1,0,0
1164,0.8404474648030756,0.12954829861862116,0.9306275236947814,-0.5192952033840481,-0.1796082316300368,-0.5156919332653549,0.46193512989734054,1,0,0,1,0,0,0,0,0,0,0,0,0,1,0,1,1,0,0,0,0,0,0,0,0,0,0,0,1,0,0,0,0
1165,0.8404474648030756,0.12954829861862116,-0.616256129706197,-0.5192952033840481,-0.8994695884579214,-0.5156919332653549,-0.7188467973582886,0,1,1,0,0,0,0,0,0,0,0,0,0,1,0,1,1,0,0,0,0,0,0,0,0,0,0,0,0,1,0,0,0
1166,-0.35483527349683747,-0.40689028014595924,0.9306275236947814,-0.5192952033840481,0.3296188783259015,-0.5156919332653549,0.46193512989734054,1,0,0,0,1,0,0,0,0,0,0,0,0,1,0,1,1,0,0,0,0,0,0,0,0,0,0,0,1,0,0,0,0
1167,-0.35483527349683747,0.12954829861862116,-0.616256129706197,-0.5192952033840481,-0.5529007403413786,-0.5156919332653549,-0.7188467973582886,0,1,0,0,1,0,0,0,0,0,0,0,0,1,1,0,0,1,0,0,0,0,0,0,0,0,0,0,0,1,0,0,0
1168,-0.35483527349683747,0.7050478185216632,0.9306275236947814,-0.5192952033840481,0.3296188783259015,-0.5156919332653549,0.46193512989734054,0,1,0,0,1,0,0,0,0,0,0,0,0,1,0,1,1,0,0,0,0,0,0,0,0,0,0,0,0,1,0,0,0
1169,-0.35483527349683747,0.24038713171167791,0.9306275236947814,-0.5192952033840481,0.1178587841030389,-0.5156919332653549,0.46193512989734054,0,1,0,0,1,0,0,0,0,0,0,0,0,1,1,0,0,0,0,0,1,0,0,0,0,0,0,0,0,1,0,0,0
1170,-0.35483527349683747,-0.25569822845231965,-0.616256129706197,-0.5192952033840481,-0.5529007403413786,-0.5156919332653549,-0.7188467973582886,0,1,0,0,1,0,0,0,0,0,0,0,0,1,1,0,0,0,0,0,0,0,0,0,0,1,0,0,0,1,0,0,0
1171,0.8404474648030756,-0.18496557322471274,-0.616256129706197,-0.5192952033840481,-0.7329168499940787,-0.5156919332653549,-0.7188467973582886,1,0,0,0,1,0,0,0,0,0,0,0,0,1,0,1,1,0,0,0,0,0,0,0,0,0,0,0,1,0,0,0,0
1172,0.8404474648030756,-4.536721993438401,0.9306275236947814,1.14913574381843,-0.29378789952403317,-0.5156919332653549,1.1526482788711399,0,1,0,0,1,0,0,0,0,0,0,0,0,1,1,0,0,0,0,0,0,0,0,1,0,0,0,1,0,0,0,0,0
1173,0.8404474648030756,0.12954829861862116,-0.616256129706197,-0.5192952033840481,-0.8354896138476378,-0.5156919332653549,-0.7188467973582886,1,0,0,1,0,0,0,0,0,0,0,0,0,1,0,1,1,0,0,0,0,0,0,0,0,0,0,0,1,0,0,0,0
1174,0.8404474648030756,-1.6399653237500238,0.9306275236947814,1.14913574381843,-0.19566228412334333,-0.5156919332653549,1.1526482788711399,1,0,1,0,0,0,0,0,0,0,0,0,0,1,0,1,1,0,0,0,0,0,0,0,0,0,0,0,1,0,0,0,0
1175,0.8404474648030756,-3.6409278426724514,0.9306275236947814,1.14913574381843,0.08016712381523652,-0.5156919332653549,1.1526482788711399,1,0,0,0,1,0,0,0,0,0,0,0,0,1,0,1,1,0,0,0,0,0,0,0,0,0,0,0,1,0,0,0,0
1176,0.8404474648030756,0.53444004902066,-0.616256129706197,-0.5192952033840481,-0.8963314584467578,-0.5156919332653549,-0.7188467973582886,0,1,0,0,1,0,0,0,0,0,0,0,0,1,1,0,0,0,0,1,0,0,0,0,0,0,0,0,0,1,0,0,0
1177,0.8404474648030756,0.12954829861862116,-0.616256129706197,-0.5192952033840481,-0.8963314584467578,-0.5156919332653549,-0.7188467973582886,0,1,0,0,1,0,0,0,0,0,0,0,0,1,1,0,0,0,0,0,0,0,0,1,0,0,0,0,0,1,0,0,0
1178,-1.5501180117967506,-0.11712078413213992,0.9306275236947814,-0.5192952033840481,1.4941366157928897,1.5593407800007992,0.46193512989734054,0,1,0,0,1,0,1,0,0,0,0,0,0,0,0,1,1,0,0,0,0,0,0,0,0,0,0,0,0,1,0,0,0
1179,0.8404474648030756,0.12954829861862116,-0.616256129706197,-0.5192952033840481,-0.8989417165609715,2.773157105031175,-0.7188467973582886,0,1,1,0,0,0,0,0,0,0,1,0,0,0,0,1,1,0,0,0,0,0,0,0,0,0,0,0,0,1,0,0,0
1180,0.8404474648030756,0.12954829861862116,-0.616256129706197,-0.5192952033840481,-0.8006319407943235,-0.5156919332653549,-0.7188467973582886,0,1,0,0,1,0,0,0,0,0,0,0,0,1,1,0,0,0,0,1,0,0,0,0,0,0,0,0,0,1,0,0,0
1181,-1.5501180117967506,0.12954829861862116,-0.616256129706197,-0.5192952033840481,0.7514250612197991,-0.5156919332653549,-0.7188467973582886,0,1,0,0,1,0,0,0,0,0,0,0,0,1,1,0,0,0,0,0,0,1,0,0,0,0,0,0,0,1,0,0,0
1182,0.8404474648030756,0.24038713171167791,-0.616256129706197,-0.5192952033840481,-0.9346326165683098,-0.5156919332653549,-0.7188467973582886,1,0,0,1,0,0,0,0,0,0,0,0,0,1,0,1,1,0,0,0,0,0,0,0,0,0,0,0,1,0,0,0,0
1183,0.8404474648030756,0.12954829861862116,-0.616256129706197,-0.5192952033840481,-0.8989417165609715,-0.5156919332653549,-0.7188467973582886,0,1,1,0,0,0,0,0,0,0,0,0,0,1,0,1,1,0,0,0,0,0,0,0,0,0,0,0,0,1,0,0,0
1184,-1.5501180117967506,1.1627733144646946,0.9306275236947814,1.14913574381843,1.4890525913736983,1.5593407800007992,1.1526482788711399,0,1,0,0,1,1,0,0,0,0,0,0,0,0,0,1,1,0,0,0,0,0,0,0,0,0,1,0,0,0,0,0,0
1185,0.8404474648030756,0.53444004902066,-0.616256129706197,-0.5192952033840481,-0.6469667457346222,-0.5156919332653549,-0.7188467973582886,0,1,0,0,1,0,0,0,0,0,0,0,0,1,0,1,1,0,0,0,0,0,0,0,0,0,0,0,0,1,0,0,0
1186,0.8404474648030756,0.010785891315448454,-0.616256129706197,-0.5192952033840481,-0.8184019745342453,-0.5156919332653549,-0.7188467973582886,0,1,0,0,1,0,0,0,0,0,0,0,0,1,0,1,1,0,0,0,0,0,0,0,0,0,0,0,0,1,0,0,0
1187,-0.35483527349683747,-4.314797286517154,0.9306275236947814,2.1251052829745594,0.8006418120053267,-0.5156919332653549,1.6427170571529697,1,0,1,0,0,0,0,0,0,0,0,0,0,1,1,0,0,0,0,0,0,0,1,0,0,0,0,0,1,0,0,0,0
1188,0.8404474648030756,0.12954829861862116,1.8354964539128964,-0.5192952033840481,0.1492987278084932,-0.5156919332653549,1.1526482788711399,0,1,1,0,0,0,0,0,0,0,0,0,0,1,0,1,1,0,0,0,0,0,0,0,0,0,0,0,0,1,0,0,0
1189,-1.5501180117967506,0.24038713171167791,-0.616256129706197,-0.5192952033840481,0.8917243415724216,-0.5156919332653549,-0.7188467973582886,0,1,0,0,1,0,0,0,0,0,0,0,0,1,0,1,1,0,0,0,0,0,0,0,0,0,0,0,0,1,0,0,0
1190,0.8404474648030756,0.1858915432439257,-0.616256129706197,-0.5192952033840481,-0.8232487375122534,-0.5156919332653549,-0.7188467973582886,0,1,0,0,1,0,0,0,0,0,0,0,0,1,0,1,1,0,0,0,0,0,0,0,0,0,0,0,0,1,0,0,0
1191,0.8404474648030756,0.3442938732425542,-0.616256129706197,-0.5192952033840481,-0.832539503301492,-0.5156919332653549,-0.7188467973582886,0,1,0,0,1,0,0,0,0,0,0,0,0,1,0,1,1,0,0,0,0,0,0,0,0,0,0,0,0,1,0,0,0
1192,-0.35483527349683747,0.12954829861862116,-0.616256129706197,-0.5192952033840481,-0.20847089400296287,1.5593407800007992,-0.7188467973582886,0,1,1,0,0,0,0,0,1,0,0,0,0,0,0,1,1,0,0,0,0,0,0,0,0,0,0,0,0,1,0,0,0
1193,-0.35483527349683747,0.8224118525470964,-0.616256129706197,1.14913574381843,0.1178587841030389,-0.5156919332653549,0.46193512989734054,0,1,0,0,1,0,0,0,0,0,0,0,0,1,1,0,0,1,0,0,0,0,0,0,0,0,0,0,0,1,0,0,0
1194,0.8404474648030756,-0.11712078413213992,-0.616256129706197,-0.5192952033840481,-0.7329168499940787,-0.5156919332653549,-0.7188467973582886,0,1,0,0,1,0,0,0,0,0,0,0,0,1,0,1,1,0,0,0,0,0,0,0,0,0,0,0,0,1,0,0,0
1195,0.8404474648030756,0.12954829861862116,-0.616256129706197,-0.5192952033840481,-0.8354896138476378,-0.5156919332653549,-0.7188467973582886,1,0,0,1,0,0,0,0,0,0,0,0,0,1,0,1,1,0,0,0,0,0,0,0,0,0,0,0,1,0,0,0,0
1196,-1.5501180117967506,1.4709072685212083,0.9306275236947814,1.14913574381843,0.3504704437482434,1.5593407800007992,1.1526482788711399,1,0,0,0,1,0,1,0,0,0,0,0,0,0,0,1,1,0,0,0,0,0,0,0,0,0,0,0,0,0,1,0,0
1197,-1.5501180117967506,0.24038713171167791,0.9306275236947814,2.1251052829745594,2.1201733014981166,2.773157105031175,1.6427170571529697,0,1,0,0,1,0,0,1,0,0,0,0,0,0,0,1,1,0,0,0,0,0,0,0,0,0,0,0,0,1,0,0,0
1198,0.8404474648030756,-4.462431791631115,-0.616256129706197,1.14913574381843,-0.6618448879614384,-0.5156919332653549,0.46193512989734054,0,1,0,0,1,0,0,0,0,0,0,0,0,1,0,1,1,0,0,0,0,0,0,0,0,0,0,1,0,0,0,0,0
1199,-1.5501180117967506,1.2232151223078298,0.9306275236947814,1.14913574381843,1.6249921300661105,1.5593407800007992,1.1526482788711399,0,1,0,0,1,0,1,0,0,0,0,0,0,0,0,1,1,0,0,0,0,0,0,0,0,0,0,0,0,1,0,0,0
1200,0.8404474648030756,0.8962891946969266,0.9306275236947814,-0.5192952033840481,-0.2707214483841382,-0.5156919332653549,0.46193512989734054,1,0,0,0,1,0,0,0,0,0,0,0,0,1,0,1,1,0,0,0,0,0,0,0,0,0,0,0,0,0,1,0,0
1201,0.8404474648030756,-0.5732256397297408,-0.616256129706197,-0.5192952033840481,-0.7329168499940787,-0.5156919332653549,-0.7188467973582886,0,1,0,0,1,0,0,0,0,0,0,0,0,1,0,1,1,0,0,0,0,0,0,0,0,0,0,0,0,1,0,0,0
1202,0.8404474648030756,-0.25569822845231965,-0.616256129706197,-0.5192952033840481,-0.8994695884579214,-0.5156919332653549,-0.7188467973582886,0,1,1,0,0,0,0,0,0,0,0,0,0,1,0,1,1,0,0,0,0,0,0,0,0,0,0,0,0,1,0,0,0
1203,0.8404474648030756,0.12954829861862116,-0.616256129706197,-0.5192952033840481,-0.8563794767586419,-0.5156919332653549,-0.7188467973582886,0,1,0,0,1,0,0,0,0,0,0,0,0,1,1,0,0,1,0,0,0,0,0,0,0,0,0,0,0,1,0,0,0
1204,0.8404474648030756,0.5787617834195053,-0.616256129706197,-0.5192952033840481,-0.8354896138476378,-0.5156919332653549,-0.7188467973582886,1,0,0,1,0,0,0,0,0,0,0,0,0,1,0,1,1,0,0,0,0,0,0,0,0,0,0,0,1,0,0,0,0
1205,-1.5501180117967506,1.2232151223078298,-0.616256129706197,-0.5192952033840481,2.006233629409076,1.5593407800007992,-0.7188467973582886,1,0,1,0,0,0,0,1,0,0,0,0,0,0,1,0,0,0,0,0,0,1,0,0,0,0,0,0,0,0,1,0,0
1206,0.8404474648030756,-0.6630835525292557,-0.616256129706197,-0.5192952033840481,-0.8374649872729754,-0.5156919332653549,-0.7188467973582886,1,0,0,1,0,0,0,0,0,0,0,0,0,1,1,0,0,1,0,0,0,0,0,0,0,0,0,0,1,0,0,0,0
1207,-1.5501180117967506,1.2815357217678667,0.9306275236947814,-0.5192952033840481,2.0855098460466075,1.5593407800007992,0.46193512989734054,0,1,1,0,0,0,1,0,0,0,0,0,0,0,1,0,0,0,0,0,0,1,0,0,0,0,0,0,0,1,0,0,0
1208,-0.35483527349683747,-0.4879779006007784,-0.616256129706197,-0.5192952033840481,-0.5529007403413786,-0.5156919332653549,-0.7188467973582886,0,1,0,0,1,0,0,0,0,0,0,0,0,1,0,1,1,0,0,0,0,0,0,0,0,0,0,0,0,1,0,0,0
1209,0.8404474648030756,0.07122769915858289,-0.616256129706197,-0.5192952033840481,-0.8232487375122534,-0.5156919332653549,-0.7188467973582886,0,1,0,0,1,0,0,0,0,0,0,0,0,1,0,1,1,0,0,0,0,0,0,0,0,0,0,0,0,1,0,0,0
1210,-0.35483527349683747,-0.25569822845231965,1.8354964539128964,-0.5192952033840481,0.5213282298389939,-0.5156919332653549,1.1526482788711399,0,1,0,0,1,0,0,0,0,0,0,0,0,1,1,0,0,0,0,0,1,0,0,0,0,0,0,0,0,1,0,0,0
1211,0.8404474648030756,0.010785891315448454,-0.616256129706197,-0.5192952033840481,-0.832539503301492,-0.5156919332653549,-0.7188467973582886,0,1,0,0,1,0,0,0,0,0,0,0,0,1,0,1,1,0,0,0,0,0,0,0,0,0,0,0,0,1,0,0,0
1212,0.8404474648030756,-0.05193727109667554,-0.616256129706197,-0.5192952033840481,-0.8989417165609715,2.773157105031175,-0.7188467973582886,0,1,1,0,0,0,0,0,0,0,1,0,0,0,0,1,1,0,0,0,0,0,0,0,0,0,0,0,0,1,0,0,0
1213,-0.35483527349683747,0.010785891315448454,-0.616256129706197,-0.5192952033840481,-0.349499730001547,1.5593407800007992,-0.7188467973582886,0,1,0,0,1,0,0,0,0,0,1,0,0,0,0,1,1,0,0,0,0,0,0,0,0,0,0,0,0,1,0,0,0
1214,-1.5501180117967506,0.39390849919311977,-0.616256129706197,-0.5192952033840481,0.3504704437482434,-0.5156919332653549,-0.7188467973582886,0,1,0,0,1,0,0,0,0,0,0,0,0,1,0,1,1,0,0,0,0,0,0,0,0,0,0,0,0,1,0,0,0
1215,-1.5501180117967506,0.6640095225484678,-0.616256129706197,-0.5192952033840481,2.4621054697459024,-0.5156919332653549,-0.7188467973582886,1,0,0,0,1,0,0,0,0,0,0,0,0,1,0,1,1,0,0,0,0,0,0,0,0,0,0,0,1,0,0,0,0
1216,0.8404474648030756,-0.18496557322471274,-0.616256129706197,-0.5192952033840481,-0.9217072852052407,-0.5156919332653549,-0.7188467973582886,0,1,0,0,1,0,0,0,0,0,0,0,0,1,1,0,0,0,0,0,0,0,0,1,0,0,0,0,0,1,0,0,0
1217,-0.35483527349683747,-1.2039246942459216,1.8354964539128964,1.14913574381843,0.7360300416790365,1.5593407800007992,1.6427170571529697,1,0,0,0,1,0,0,0,0,0,1,0,0,0,0,1,1,0,0,0,0,0,0,0,0,0,0,0,1,0,0,0,0
1218,-1.5501180117967506,0.93203178823125,-0.616256129706197,-0.5192952033840481,1.4553350751929448,-0.5156919332653549,-0.7188467973582886,0,1,1,0,0,0,0,0,0,0,0,0,0,1,1,0,0,0,0,0,0,1,0,0,0,0,0,0,0,1,0,0,0
1219,-0.35483527349683747,0.1858915432439257,0.9306275236947814,-0.5192952033840481,0.3296188783259015,-0.5156919332653549,0.46193512989734054,0,1,0,0,1,0,0,0,0,0,0,0,0,1,0,1,1,0,0,0,0,0,0,0,0,0,0,0,0,1,0,0,0
1220,-0.35483527349683747,-0.3295755706021491,-0.616256129706197,-0.5192952033840481,-0.349499730001547,-0.5156919332653549,-0.7188467973582886,0,1,0,0,1,0,0,0,0,0,0,0,0,1,0,1,1,0,0,0,0,0,0,0,0,0,0,0,0,1,0,0,0
1221,-0.35483527349683747,1.0012904153865825,-0.616256129706197,2.1251052829745594,0.6761669127658763,-0.5156919332653549,1.1526482788711399,1,0,0,0,1,0,0,0,0,0,0,0,0,1,1,0,0,0,0,0,1,0,0,0,0,0,0,0,0,0,1,0,0
1222,-1.5501180117967506,0.6640095225484678,-0.616256129706197,-0.5192952033840481,0.4624128190435213,1.5593407800007992,-0.7188467973582886,0,1,1,0,0,1,0,0,0,0,0,0,0,0,1,0,0,0,0,0,0,1,0,0,0,0,0,0,0,1,0,0,0
1223,0.8404474648030756,0.12954829861862116,-0.616256129706197,-0.5192952033840481,-0.8994695884579214,-0.5156919332653549,-0.7188467973582886,0,1,1,0,0,0,0,0,0,0,0,0,0,1,0,1,1,0,0,0,0,0,0,0,0,0,0,0,0,1,0,0,0
1224,0.8404474648030756,-0.4879779006007784,0.9306275236947814,1.14913574381843,-0.1645713738680607,-0.5156919332653549,1.1526482788711399,1,0,1,0,0,0,0,0,0,0,0,0,0,1,0,1,1,0,0,0,0,0,0,0,0,0,0,0,0,0,1,0,0
1225,0.8404474648030756,0.07122769915858289,-0.616256129706197,-0.5192952033840481,-0.8184019745342453,-0.5156919332653549,-0.7188467973582886,0,1,0,0,1,0,0,0,0,0,0,0,0,1,0,1,1,0,0,0,0,0,0,0,0,0,0,0,0,1,0,0,0
1226,-1.5501180117967506,0.24038713171167791,-0.616256129706197,-0.5192952033840481,0.3296188783259015,1.5593407800007992,-0.7188467973582886,0,1,0,0,1,0,0,1,0,0,0,0,0,0,0,1,1,0,0,0,0,0,0,0,0,0,0,0,0,1,0,0,0
1227,-0.35483527349683747,0.3442938732425542,-0.616256129706197,-0.5192952033840481,-0.349499730001547,-0.5156919332653549,-0.7188467973582886,0,1,0,0,1,0,0,0,0,0,0,0,0,1,0,1,1,0,0,0,0,0,0,0,0,0,0,0,0,1,0,0,0
1228,0.8404474648030756,0.6640095225484678,-0.616256129706197,2.1251052829745594,-0.8989417165609715,-0.5156919332653549,1.1526482788711399,0,1,1,0,0,0,0,0,0,0,0,0,0,1,0,1,1,0,0,0,0,0,0,0,0,0,0,0,0,1,0,0,0
1229,-0.35483527349683747,-0.05193727109667554,-0.616256129706197,-0.5192952033840481,0.5213282298389939,-0.5156919332653549,-0.7188467973582886,0,1,0,0,1,0,0,0,0,0,0,0,0,1,1,0,0,0,0,0,1,0,0,0,0,0,0,0,0,1,0,0,0
1230,0.8404474648030756,0.12954829861862116,-0.616256129706197,-0.5192952033840481,-0.8989417165609715,-0.5156919332653549,-0.7188467973582886,0,1,1,0,0,0,0,0,0,0,0,0,0,1,0,1,1,0,0,0,0,0,0,0,0,0,0,1,0,0,0,0,0
1231,-0.35483527349683747,-0.5732256397297408,-0.616256129706197,-0.5192952033840481,-0.5529007403413786,-0.5156919332653549,-0.7188467973582886,0,1,0,0,1,0,0,0,0,0,0,0,0,1,1,0,0,0,0,0,1,0,0,0,0,0,0,0,0,1,0,0,0
1232,0.8404474648030756,0.3442938732425542,-0.616256129706197,-0.5192952033840481,-0.8558731453790551,-0.5156919332653549,-0.7188467973582886,0,1,0,0,1,0,0,0,0,0,0,0,0,1,0,1,1,0,0,0,0,0,0,0,0,0,0,0,0,1,0,0,0
1233,0.8404474648030756,0.12954829861862116,0.9306275236947814,5.023112434507398,1.3227727037804757,-0.5156919332653549,3.3659875365053202,0,1,0,0,1,0,0,0,0,0,0,0,0,1,1,0,0,0,0,0,1,0,0,0,0,0,0,0,0,1,0,0,0
1234,-1.5501180117967506,1.3099460980747701,-0.616256129706197,1.14913574381843,3.374870522327552,3.6343734932669536,0.46193512989734054,1,0,1,0,0,0,1,0,0,0,0,0,0,0,1,0,0,0,0,0,0,1,0,0,0,0,0,0,0,0,1,0,0
1235,0.8404474648030756,0.12954829861862116,0.9306275236947814,1.14913574381843,-0.2442550963279445,-0.5156919332653549,1.1526482788711399,0,1,0,0,1,0,0,0,0,0,0,0,0,1,1,0,0,0,0,1,0,0,0,0,0,0,0,1,0,0,0,0,0
1236,0.8404474648030756,-0.7580789239561264,-0.616256129706197,-0.5192952033840481,-0.8473749521182392,-0.5156919332653549,-0.7188467973582886,1,0,0,0,1,0,0,0,0,0,0,0,0,1,0,1,1,0,0,0,0,0,0,0,0,0,0,0,1,0,0,0,0
1237,-0.35483527349683747,0.010785891315448454,-0.616256129706197,-0.5192952033840481,-0.349499730001547,-0.5156919332653549,-0.7188467973582886,0,1,0,0,1,0,0,0,0,0,0,0,0,1,0,1,1,0,0,0,0,0,0,0,0,0,0,0,0,1,0,0,0
1238,0.8404474648030756,0.6219321727480278,-0.616256129706197,-0.5192952033840481,-0.8989417165609715,-0.5156919332653549,-0.7188467973582886,1,0,1,0,0,0,0,0,0,0,0,0,0,1,0,1,1,0,0,0,0,0,0,0,0,0,0,0,0,0,1,0,0
1239,-0.35483527349683747,-0.11712078413213992,-0.616256129706197,-0.5192952033840481,-0.3132148475497802,-0.5156919332653549,-0.7188467973582886,0,1,0,0,1,0,0,0,0,0,0,0,0,1,0,1,1,0,0,0,0,0,0,0,0,0,0,0,0,1,0,0,0
1240,-0.35483527349683747,0.2931524060798294,-0.616256129706197,-0.5192952033840481,0.1178587841030389,-0.5156919332653549,-0.7188467973582886,1,0,0,0,1,0,0,0,0,0,0,0,0,1,1,0,0,1,0,0,0,0,0,0,0,0,0,0,1,0,0,0,0
1241,-1.5501180117967506,0.8962891946969266,-0.616256129706197,1.14913574381843,1.2277926388799374,2.773157105031175,0.46193512989734054,1,0,1,0,0,0,0,0,1,0,0,0,0,0,1,0,0,0,0,0,0,1,0,0,0,0,0,0,0,0,1,0,0
1242,-0.35483527349683747,-0.05193727109667554,-0.616256129706197,-0.5192952033840481,-0.5529007403413786,-0.5156919332653549,-0.7188467973582886,0,1,0,0,1,0,0,0,0,0,0,0,0,1,1,0,0,1,0,0,0,0,0,0,0,0,0,0,0,1,0,0,0
1243,-0.35483527349683747,-0.5732256397297408,-0.616256129706197,-0.5192952033840481,1.3791030947274145,-0.5156919332653549,-0.7188467973582886,0,1,0,0,1,0,0,0,0,0,0,0,0,1,1,0,0,1,0,0,0,0,0,0,0,0,0,0,0,1,0,0,0
1244,-0.35483527349683747,1.0348666390171062,0.9306275236947814,2.1251052829745594,1.2538382220034046,-0.5156919332653549,1.6427170571529697,0,1,0,0,1,0,0,0,0,0,0,0,0,1,0,1,1,0,0,0,0,0,0,0,0,0,0,0,0,1,0,0,0
1245,0.8404474648030756,-5.205849732090775,0.9306275236947814,2.1251052829745594,0.0976880678849972,-0.5156919332653549,1.6427170571529697,1,0,0,0,1,0,0,0,0,0,0,0,0,1,1,0,0,0,0,0,1,0,0,0,0,0,0,0,1,0,0,0,0
1246,-1.5501180117967506,1.0677779430378231,-0.616256129706197,-0.5192952033840481,0.3296188783259015,1.5593407800007992,-0.7188467973582886,0,1,0,0,1,0,0,0,0,1,0,0,0,0,0,1,1,0,0,0,0,0,0,0,0,0,0,0,0,1,0,0,0
1247,-1.5501180117967506,1.3378789663931712,1.8354964539128964,-0.5192952033840481,1.0168033035744077,1.5593407800007992,1.1526482788711399,1,0,0,0,1,0,0,1,0,0,0,0,0,0,0,1,1,0,0,0,0,0,0,0,0,0,0,0,0,0,1,0,0
1248,0.8404474648030756,0.12954829861862116,-0.616256129706197,-0.5192952033840481,-0.8203332962262189,-0.5156919332653549,-0.7188467973582886,0,1,0,0,1,0,0,0,0,0,0,0,0,1,0,1,1,0,0,0,0,0,0,0,0,0,0,0,0,1,0,0,0
1249,0.8404474648030756,0.12954829861862116,-0.616256129706197,-0.5192952033840481,-0.8354896138476378,-0.5156919332653549,-0.7188467973582886,0,1,0,1,0,0,0,0,0,0,0,0,0,1,0,1,1,0,0,0,0,0,0,0,0,0,0,0,0,1,0,0,0
1250,0.8404474648030756,0.24038713171167791,0.9306275236947814,-0.5192952033840481,-0.17647959673175226,-0.5156919332653549,0.46193512989734054,1,0,0,0,1,0,0,0,0,0,0,0,0,1,0,1,1,0,0,0,0,0,0,0,0,0,0,0,0,0,1,0,0
1251,0.8404474648030756,-0.9116002914375683,4.28724903753199,2.1251052829745594,1.3227727037804757,-0.5156919332653549,3.3659875365053202,0,1,0,0,1,0,0,0,0,0,0,0,0,1,1,0,0,0,0,0,1,0,0,0,0,0,0,1,0,0,0,0,0
1252,-0.35483527349683747,-0.11712078413213992,0.9306275236947814,1.14913574381843,0.6831063854973625,-0.5156919332653549,1.1526482788711399,1,0,1,0,0,0,0,0,0,0,0,0,0,1,1,0,0,0,0,0,0,0,1,0,0,0,0,0,0,0,1,0,0
1253,-0.35483527349683747,0.2931524060798294,-0.616256129706197,-0.5192952033840481,0.1178587841030389,-0.5156919332653549,-0.7188467973582886,1,0,0,0,1,0,0,0,0,0,0,0,0,1,1,0,0,0,0,0,1,0,0,0,0,0,0,0,0,0,1,0,0
1254,0.8404474648030756,0.07122769915858289,-0.616256129706197,-0.5192952033840481,-0.7329168499940787,-0.5156919332653549,-0.7188467973582886,0,1,0,0,1,0,0,0,0,0,0,0,0,1,0,1,1,0,0,0,0,0,0,0,0,0,0,0,0,1,0,0,0
1255,-1.5501180117967506,-0.05193727109667554,0.9306275236947814,-0.5192952033840481,1.09207050531204,1.5593407800007992,0.46193512989734054,1,0,1,0,0,0,0,0,0,1,0,0,0,0,0,1,1,0,0,0,0,0,0,0,0,0,0,0,0,0,1,0,0
1256,0.8404474648030756,0.12954829861862116,0.9306275236947814,5.023112434507398,1.3227727037804757,-0.5156919332653549,3.3659875365053202,1,0,0,0,1,0,0,0,0,0,0,0,0,1,1,0,0,0,0,0,1,0,0,0,0,0,0,0,0,0,1,0,0
1257,0.8404474648030756,0.12954829861862116,0.9306275236947814,-0.5192952033840481,-0.247040673704891,-0.5156919332653549,0.46193512989734054,0,1,1,0,0,0,0,0,0,0,0,0,0,1,0,1,1,0,0,0,0,0,0,0,0,0,0,0,0,1,0,0,0
1258,0.8404474648030756,-0.25569822845231965,-0.616256129706197,-0.5192952033840481,0.7536511396791894,-0.5156919332653549,-0.7188467973582886,1,0,0,0,1,0,0,0,0,0,0,0,0,1,0,1,1,0,0,0,0,0,0,0,0,0,0,0,1,0,0,0,0
1259,-1.5501180117967506,0.8962891946969266,-0.616256129706197,1.14913574381843,1.1621567966119675,-0.5156919332653549,0.46193512989734054,1,0,1,0,0,0,0,0,0,0,0,0,0,1,0,1,1,0,0,0,0,0,0,0,0,0,0,0,0,0,1,0,0
1260,-0.35483527349683747,0.1858915432439257,-0.616256129706197,-0.5192952033840481,-0.2879746074828157,-0.5156919332653549,-0.7188467973582886,0,1,1,0,0,0,0,0,0,0,0,0,0,1,1,0,0,0,0,0,0,0,1,0,0,0,0,0,0,1,0,0,0
1261,-0.35483527349683747,-0.3295755706021491,0.9306275236947814,-0.5192952033840481,-0.4666830689837751,-0.5156919332653549,0.46193512989734054,0,1,0,0,1,0,0,0,0,0,0,0,0,1,0,1,1,0,0,0,0,0,0,0,0,0,0,0,0,1,0,0,0
1262,-1.5501180117967506,0.2931524060798294,-0.616256129706197,-0.5192952033840481,1.9976212783408955,2.773157105031175,-0.7188467973582886,1,0,1,0,0,0,0,0,0,1,0,0,0,0,0,1,1,0,0,0,0,0,0,0,0,0,0,0,1,0,0,0,0
1263,-1.5501180117967506,1.0348666390171062,-0.616256129706197,-0.5192952033840481,-3.0783194353751977,3.6343734932669536,-0.7188467973582886,0,1,0,0,1,0,1,0,0,0,0,0,0,0,0,1,1,0,0,0,0,0,0,0,0,0,0,0,0,1,0,0,0
1264,-0.35483527349683747,0.859760987088629,-0.616256129706197,-0.5192952033840481,-0.349499730001547,-0.5156919332653549,-0.7188467973582886,0,1,0,0,1,0,0,0,0,0,0,0,0,1,0,1,1,0,0,0,0,0,0,0,0,0,0,0,0,1,0,0,0
1265,-1.5501180117967506,1.1932689690157354,0.9306275236947814,1.14913574381843,1.4890525913736983,1.5593407800007992,1.1526482788711399,1,0,0,0,1,1,0,0,0,0,0,0,0,0,0,1,1,0,0,0,0,0,0,0,0,0,0,0,0,0,1,0,0
1266,-1.5501180117967506,0.8962891946969266,-0.616256129706197,-0.5192952033840481,2.68483382584043,-0.5156919332653549,-0.7188467973582886,1,0,1,0,0,0,0,0,0,0,0,0,0,1,1,0,0,0,0,0,0,1,0,0,0,0,0,0,1,0,0,0,0
1267,0.8404474648030756,-0.25569822845231965,1.8354964539128964,-0.5192952033840481,-0.7329168499940787,-0.5156919332653549,1.1526482788711399,1,0,0,0,1,0,0,0,0,0,0,0,0,1,0,1,1,0,0,0,0,0,0,0,0,0,0,0,1,0,0,0,0
1268,-0.35483527349683747,-0.3295755706021491,-0.616256129706197,-0.5192952033840481,-0.4666830689837751,-0.5156919332653549,-0.7188467973582886,0,1,0,0,1,0,0,0,0,0,0,0,0,1,0,1,1,0,0,0,0,0,0,0,0,0,0,0,0,1,0,0,0
1269,-1.5501180117967506,1.2232151223078298,-0.616256129706197,-0.5192952033840481,0.987239559599554,1.5593407800007992,-0.7188467973582886,0,1,0,0,1,0,0,1,0,0,0,0,0,0,0,1,1,0,0,0,0,0,0,0,0,0,0,0,0,1,0,0,0
1270,0.8404474648030756,-2.488940419523205,2.9754964846475396,2.1251052829745594,0.5177427446801484,-0.5156919332653549,2.596027157999466,0,1,0,0,1,0,0,0,0,0,0,0,0,1,0,1,1,0,0,0,0,0,0,0,0,0,0,1,0,0,0,0,0
1271,0.8404474648030756,0.12954829861862116,-0.616256129706197,-0.5192952033840481,-0.8354896138476378,-0.5156919332653549,-0.7188467973582886,0,1,0,1,0,0,0,0,0,0,0,0,0,1,0,1,1,0,0,0,0,0,0,0,0,0,0,0,0,1,0,0,0
1272,0.8404474648030756,0.010785891315448454,-0.616256129706197,-0.5192952033840481,-0.8203332962262189,-0.5156919332653549,-0.7188467973582886,0,1,0,1,0,0,0,0,0,0,0,0,0,1,0,1,1,0,0,0,0,0,0,0,0,0,0,0,0,1,0,0,0
1273,0.8404474648030756,0.12954829861862116,-0.616256129706197,-0.5192952033840481,-0.2442550963279445,-0.5156919332653549,-0.7188467973582886,1,0,0,0,1,0,0,0,0,0,0,0,0,1,0,1,1,0,0,0,0,0,0,0,0,0,0,0,0,0,1,0,0
1274,0.8404474648030756,-0.4879779006007784,0.9306275236947814,-0.5192952033840481,-0.14267526827644114,-0.5156919332653549,0.46193512989734054,1,0,0,0,1,0,0,0,0,0,0,0,0,1,0,1,1,0,0,0,0,0,0,0,0,0,0,0,0,0,1,0,0
1275,-0.35483527349683747,0.12954829861862116,-0.616256129706197,-0.5192952033840481,-0.3587734517601862,-0.5156919332653549,-0.7188467973582886,0,1,0,0,1,0,0,0,0,0,0,0,0,1,1,0,0,0,0,0,0,0,1,0,0,0,0,0,0,1,0,0,0
1276,-0.35483527349683747,-0.11712078413213992,0.9306275236947814,2.1251052829745594,1.2538382220034046,-0.5156919332653549,1.6427170571529697,1,0,0,0,1,0,0,0,0,0,0,0,0,1,0,1,1,0,0,0,0,0,0,0,0,0,0,0,1,0,0,0,0
1277,0.8404474648030756,-0.11712078413213992,-0.616256129706197,-0.5192952033840481,-0.832539503301492,-0.5156919332653549,-0.7188467973582886,0,1,0,0,1,0,0,0,0,0,0,0,0,1,0,1,1,0,0,0,0,0,0,0,0,0,0,0,0,1,0,0,0
1278,-0.35483527349683747,1.2815357217678667,-0.616256129706197,-0.5192952033840481,-0.349499730001547,-0.5156919332653549,-0.7188467973582886,0,1,0,0,1,0,0,0,0,0,0,0,0,1,0,1,1,0,0,0,0,0,0,0,0,0,0,0,0,1,0,0,0
1279,0.8404474648030756,-0.3295755706021491,-0.616256129706197,-0.5192952033840481,-0.8354896138476378,-0.5156919332653549,-0.7188467973582886,0,1,0,1,0,0,0,0,0,0,0,0,0,1,0,1,1,0,0,0,0,0,0,0,0,0,0,0,0,1,0,0,0
1280,0.8404474648030756,-2.232747147139909,2.4775111770957596,1.14913574381843,0.12137783359724594,-0.5156919332653549,2.0228439334718025,0,1,0,0,1,0,0,0,0,0,0,0,0,1,0,1,1,0,0,0,0,0,0,0,0,0,0,1,0,0,0,0,0
1281,-1.5501180117967506,-0.18496557322471274,-0.616256129706197,-0.5192952033840481,1.6249921300661105,1.5593407800007992,-0.7188467973582886,0,1,0,0,1,0,1,0,0,0,0,0,0,0,0,1,1,0,0,0,0,0,0,0,0,0,0,0,0,1,0,0,0
1282,-1.5501180117967506,1.1000501520525707,-0.616256129706197,1.14913574381843,0.7463188135834619,1.5593407800007992,0.46193512989734054,1,0,0,0,1,0,0,0,1,0,0,0,0,0,1,0,0,0,0,0,0,1,0,0,0,0,0,0,0,0,1,0,0
1283,0.8404474648030756,-1.0807597239906632,-0.616256129706197,2.1251052829745594,0.08199346466981763,-0.5156919332653549,1.1526482788711399,0,1,0,0,1,0,0,0,0,0,0,0,0,1,1,0,0,0,0,0,1,0,0,0,0,0,0,1,0,0,0,0,0
1284,-0.35483527349683747,0.9670218499245334,-0.616256129706197,-0.5192952033840481,-0.5529007403413786,-0.5156919332653549,-0.7188467973582886,0,1,0,0,1,0,0,0,0,0,0,0,0,1,1,0,0,0,0,0,1,0,0,0,0,0,0,0,0,1,0,0,0
1285,0.8404474648030756,0.1858915432439257,2.4775111770957596,1.14913574381843,0.16494580331044603,-0.5156919332653549,2.0228439334718025,0,1,0,0,1,0,0,0,0,0,0,0,0,1,0,1,1,0,0,0,0,0,0,0,0,0,0,0,0,1,0,0,0
1286,-1.5501180117967506,-0.5732256397297408,0.9306275236947814,-0.5192952033840481,1.1723777666052824,1.5593407800007992,0.46193512989734054,1,0,0,0,1,0,0,1,0,0,0,0,0,0,0,1,1,0,0,0,0,0,0,0,0,0,0,0,0,0,1,0,0
1287,0.8404474648030756,-0.11712078413213992,-0.616256129706197,-0.5192952033840481,-0.8963314584467578,-0.5156919332653549,-0.7188467973582886,0,1,0,1,0,0,0,0,0,0,0,0,0,1,0,1,1,0,0,0,0,0,0,0,0,0,0,0,0,1,0,0,0
1288,-1.5501180117967506,1.0012904153865825,0.9306275236947814,1.14913574381843,1.4553350751929448,1.5593407800007992,1.1526482788711399,1,0,1,0,0,0,1,0,0,0,0,0,0,0,0,1,1,0,0,0,0,0,0,0,0,0,0,0,0,0,1,0,0
1289,0.8404474648030756,-0.25569822845231965,-0.616256129706197,-0.5192952033840481,-0.832539503301492,-0.5156919332653549,-0.7188467973582886,0,1,0,0,1,0,0,0,0,0,0,0,0,1,0,1,1,0,0,0,0,0,0,0,0,0,0,0,0,1,0,0,0
1290,0.8404474648030756,0.2931524060798294,-0.616256129706197,-0.5192952033840481,-0.8374649872729754,-0.5156919332653549,-0.7188467973582886,0,1,0,1,0,0,0,0,0,0,0,0,0,1,0,1,1,0,0,0,0,0,0,0,0,0,0,0,0,1,0,0,0
1291,-1.5501180117967506,0.24038713171167791,-0.616256129706197,-0.5192952033840481,2.2067119652681435,1.5593407800007992,-0.7188467973582886,1,0,0,0,1,0,0,1,0,0,0,0,0,0,0,1,1,0,0,0,0,0,0,0,0,0,0,0,1,0,0,0,0
1292,-0.35483527349683747,0.6219321727480278,0.9306275236947814,-0.5192952033840481,0.1178587841030389,-0.5156919332653549,0.46193512989734054,0,1,0,0,1,0,0,0,0,0,0,0,0,1,0,1,1,0,0,0,0,0,0,0,0,0,0,0,0,1,0,0,0
1293,-1.5501180117967506,-0.25569822845231965,-0.616256129706197,1.14913574381843,1.1621567966119675,-0.5156919332653549,0.46193512989734054,1,0,1,0,0,0,0,0,0,0,0,0,0,1,0,1,1,0,0,0,0,0,0,0,0,0,0,0,1,0,0,0,0
1294,-1.5501180117967506,-0.6630835525292557,-0.616256129706197,-0.5192952033840481,0.9267048627956584,-0.5156919332653549,-0.7188467973582886,0,1,0,0,1,0,0,0,0,0,0,0,0,1,0,1,1,0,0,0,0,0,0,0,0,0,0,0,0,1,0,0,0
1295,-1.5501180117967506,0.8224118525470964,0.9306275236947814,-0.5192952033840481,0.393505098169823,1.5593407800007992,0.46193512989734054,0,1,1,0,0,0,0,0,1,0,0,0,0,0,0,1,1,0,0,0,0,0,0,0,0,0,0,0,0,1,0,0,0
1296,-0.35483527349683747,-0.40689028014595924,-0.616256129706197,-0.5192952033840481,-0.2876823640157498,1.5593407800007992,-0.7188467973582886,0,1,1,0,0,0,0,0,1,0,0,0,0,0,1,0,0,0,0,0,0,0,1,0,0,0,0,0,0,1,0,0,0
1297,-0.35483527349683747,-0.18496557322471274,0.9306275236947814,-0.5192952033840481,-0.5529007403413786,-0.5156919332653549,0.46193512989734054,0,1,0,0,1,0,0,0,0,0,0,0,0,1,0,1,1,0,0,0,0,0,0,0,0,0,0,0,0,1,0,0,0
1298,-1.5501180117967506,1.0677779430378231,0.9306275236947814,1.14913574381843,2.4628964880906103,1.5593407800007992,1.1526482788711399,0,1,1,0,0,0,0,1,0,0,0,0,0,0,0,1,1,0,0,0,0,0,0,0,0,0,0,0,0,1,0,0,0
1299,0.8404474648030756,0.12954829861862116,-0.616256129706197,-0.5192952033840481,-0.8389460335913144,-0.5156919332653549,-0.7188467973582886,1,0,0,1,0,0,0,0,0,0,0,0,0,1,0,1,1,0,0,0,0,0,0,0,0,0,0,0,1,0,0,0,0
1300,0.8404474648030756,-3.162809863367909,0.9306275236947814,1.14913574381843,-0.29378789952403317,-0.5156919332653549,1.1526482788711399,1,0,0,0,1,0,0,0,0,0,0,0,0,1,1,0,0,0,0,0,0,0,0,1,0,0,0,0,1,0,0,0,0
1301,0.8404474648030756,0.12954829861862116,-0.616256129706197,-0.5192952033840481,-0.8354896138476378,-0.5156919332653549,-0.7188467973582886,1,0,0,1,0,0,0,0,0,0,0,0,0,1,0,1,1,0,0,0,0,0,0,0,0,0,0,0,1,0,0,0,0
1302,-1.5501180117967506,0.5787617834195053,0.9306275236947814,-0.5192952033840481,1.5859681386085727,1.5593407800007992,0.46193512989734054,1,0,0,1,0,0,0,1,0,0,0,0,0,0,0,1,1,0,0,0,0,0,0,0,0,0,0,0,0,0,1,0,0
1303,0.8404474648030756,0.12954829861862116,-0.616256129706197,-0.5192952033840481,-0.832539503301492,-0.5156919332653549,-0.7188467973582886,1,0,0,0,1,0,0,0,0,0,0,0,0,1,0,1,1,0,0,0,0,0,0,0,0,0,0,0,1,0,0,0,0
1304,0.8404474648030756,0.12954829861862116,-0.616256129706197,-0.5192952033840481,-0.8006319407943235,-0.5156919332653549,-0.7188467973582886,0,1,0,0,1,0,0,0,0,0,0,0,0,1,1,0,0,0,0,1,0,0,0,0,0,0,0,0,0,1,0,0,0
1305,-1.5501180117967506,0.6640095225484678,-0.616256129706197,-0.5192952033840481,1.781098141310752,1.5593407800007992,-0.7188467973582886,1,0,1,0,0,0,0,1,0,0,0,0,0,0,1,0,0,0,0,0,0,1,0,0,0,0,0,0,0,0,0,1,0
1306,0.8404474648030756,0.6431040073747201,-0.616256129706197,-0.5192952033840481,-0.8963314584467578,-0.5156919332653549,-0.7188467973582886,0,1,0,0,1,0,0,0,0,0,0,0,0,1,1,0,0,0,0,0,0,0,0,1,0,0,0,0,0,1,0,0,0
1307,0.8404474648030756,0.12954829861862116,-0.616256129706197,-0.5192952033840481,-0.8006319407943235,-0.5156919332653549,-0.7188467973582886,0,1,0,0,1,0,0,0,0,0,0,0,0,1,0,1,1,0,0,0,0,0,0,0,0,0,0,0,0,1,0,0,0
1308,0.8404474648030756,0.12954829861862116,0.9306275236947814,1.14913574381843,0.17980643116145895,-0.5156919332653549,1.1526482788711399,0,1,1,0,0,0,0,0,0,0,0,0,0,1,0,1,1,0,0,0,0,0,0,0,0,0,0,1,0,0,0,0,0
